Name	Popularity	Year
Blinding Lights	98.0	2019.0
Memories	98.0	2019.0
Tusa	98.0	2019.0
Don't Start Now	97.0	2019.0
everything i wanted	97.0	2019.0
RITMO (Bad Boys For Life)	96.0	2019.0
bad guy	95.0	2019.0
HIGHEST IN THE ROOM	94.0	2019.0
My Oh My (feat. DaBaby)	94.0	2019.0
Ride It	94.0	2019.0
Falling	97.0	2018.0
Happier	89.0	2018.0
Without Me	88.0	2018.0
Better Now	87.0	2018.0
SICKO MODE	87.0	2018.0
Sweet but Psycho	87.0	2018.0
Get You The Moon (feat. Snøw)	86.0	2018.0
God's Plan	86.0	2018.0
High Hopes	86.0	2018.0
Candy	85.0	2018.0
XO Tour Llif3	84.0	2017.0
I Like Me Better	83.0	2017.0
Young Dumb & Broke	83.0	2017.0
Chanel	82.0	2017.0
Wolves	82.0	2017.0
Best Friend	81.0	2017.0
Dusk Till Dawn - Radio Edit	81.0	2017.0
Let Me Go (with Alesso, Florida Georgia Line & watt)	81.0	2017.0
Mask Off	81.0	2017.0
Scared to Be Lonely	81.0	2017.0
goosebumps	86.0	2016.0
Closer (feat. Halsey)	85.0	2016.0
Congratulations	84.0	2016.0
Say You Won't Let Go	82.0	2016.0
That's What I Like	82.0	2016.0
Devil Eyes	81.0	2016.0
Don't Let Me Down	81.0	2016.0
Heathens	81.0	2016.0
Cake By The Ocean	80.0	2016.0
In the Name of Love	80.0	2016.0
Dancin (feat. Luvli) - Krono Remix	84.0	2014.0
Photograph	84.0	2014.0
No Role Modelz	82.0	2014.0
Take Me To Church	80.0	2014.0
Summer	79.0	2014.0
A Sky Full of Stars	78.0	2014.0
Blank Space	78.0	2014.0
Riptide	78.0	2014.0
Rude	78.0	2014.0
Say Something	78.0	2014.0
Can't Hold Us - feat. Ray Dalton	83.0	2012.0
Just Give Me a Reason (feat. Nate Ruess)	80.0	2012.0
Titanium (feat. Sia)	79.0	2012.0
Hall of Fame	78.0	2012.0
Locked Out of Heaven	78.0	2012.0
Payphone	78.0	2012.0
What Makes You Beautiful	78.0	2012.0
Classic	77.0	2012.0
They Don't Know About Us	77.0	2012.0
I Knew You Were Trouble.	76.0	2012.0
Stressed Out	83.0	2015.0
Uptown Funk	82.0	2015.0
Ride	81.0	2015.0
Sorry	81.0	2015.0
See You Again (feat. Charlie Puth)	80.0	2015.0
Sugar	80.0	2015.0
Centuries	79.0	2015.0
Like I'm Gonna Lose You (feat. John Legend)	78.0	2015.0
What Do You Mean?	78.0	2015.0
How Deep Is Your Love	77.0	2015.0
All of Me	85.0	2013.0
Wake Me Up	84.0	2013.0
Sweater Weather	81.0	2013.0
Story of My Life	80.0	2013.0
Royals	78.0	2013.0
Hey Brother	77.0	2013.0
Mirrors	77.0	2013.0
Roar	77.0	2013.0
We Can't Stop	77.0	2013.0
Get Lucky (feat. Pharrell Williams & Nile Rodgers) - Radio Edit	76.0	2013.0
Mistletoe	84.0	2011.0
Pumped Up Kicks	83.0	2011.0
A Thousand Years	79.0	2011.0
Give Me Everything	79.0	2011.0
Someone Like You	79.0	2011.0
Tongue Tied	78.0	2011.0
Paradise	77.0	2011.0
Somebody That I Used To Know	77.0	2011.0
Rolling in the Deep	76.0	2011.0
Love You Like A Love Song	75.0	2011.0
Hey, Soul Sister	82.0	2010.0
Just the Way You Are	80.0	2010.0
DJ Got Us Fallin' In Love (feat. Pitbull)	78.0	2010.0
Baby	76.0	2010.0
Raise Your Glass	76.0	2010.0
Danza Kuduro	75.0	2010.0
On Melancholy Hill	75.0	2010.0
Dynamite	74.0	2010.0
Moves Like Jagger - Studio Recording From The Voice Performance	73.0	2010.0
The Lazy Song	73.0	2010.0
Low (feat. T-Pain)	79.0	2008.0
Viva La Vida	78.0	2008.0
You're Gonna Go Far, Kid	77.0	2008.0
I'm Yours	76.5	2008.0
Use Somebody	75.0	2008.0
Just Dance	73.0	2008.0
TRUE - Single Edit	72.0	2008.0
Halo	71.5	2008.0
Burnin' Up	71.0	2008.0
Love Will Tear Us Apart	71.0	2008.0
Yummy	95.0	2020.0
You should be sad	86.0	2020.0
Lose You To Love Me	85.0	2020.0
Rare	84.25	2020.0
Morado	82.0	2020.0
Godzilla (feat. Juice WRLD)	79.0	2020.0
Wrong Direction	79.0	2020.0
In Your Eyes (feat. Alida)	74.0	2020.0
What A Man Gotta Do	73.0	2020.0
Answer	72.0	2020.0
Beautiful Girls	77.0	2007.0
Bleeding Love	77.0	2007.0
Electric Feel	77.0	2007.0
Kids	76.0	2007.0
Thnks fr th Mmrs	76.0	2007.0
Girlfriend	72.0	2007.0
Irreplaceable	72.0	2007.0
Bubbly	71.0	2007.0
Misery Business	71.0	2007.0
Paper Planes	71.0	2007.0
Believe	76.0	1998.0
Always on My Mind	70.0	1998.0
One Week	69.0	1998.0
Blue (Da Ba Dee) - Gabry Ponte Ice Pop Radio	64.0	1998.0
Boom, Boom, Boom, Boom!!	62.0	1998.0
Amor De Papel	60.0	1998.0
Don't Let the Sun Go Down on Me	60.0	1998.0
The Wild Boys	54.0	1998.0
We like to Party! (Six Flags)	51.0	1998.0
Enola Gay	17.0	1998.0
Wannabe	79.0	1996.0
Down Under	73.0	1996.0
La Calle De Las Sirenas	68.0	1996.0
Children	67.0	1996.0
Azúcar Amargo	61.0	1996.0
Bailando - Video Edit	59.0	1996.0
Jump	56.0	1996.0
Pepe	52.0	1996.0
This Is Your Night	52.0	1996.0
Tu Luz	50.0	1996.0
All Star	79.0	1999.0
...Baby One More Time	75.0	1999.0
Total Eclipse of the Heart	74.0	1999.0
Genie In a Bottle	71.0	1999.0
Manto Estelar	65.0	1999.0
No Dices Mas	62.0	1999.0
The Launch - Radio Edit	53.0	1999.0
Back in My Life	45.0	1999.0
Quisiera Adivinar	34.0	1999.0
No Hay Palabras	23.0	1999.0
Fireflies	78.0	2009.0
Party In The U.S.A.	78.0	2009.0
Down	76.0	2009.0
Secrets	76.0	2009.0
21 Guns	75.0	2009.0
You Found Me	74.0	2009.0
Intro	72.0	2009.0
Replay	72.0	2009.0
The Climb	72.0	2009.0
Like a Prayer	71.0	2009.0
What Is Love	70.0	1993.0
(I Just) Died In Your Arms	68.0	1993.0
The Sign	68.0	1993.0
More And More - Single Version	60.0	1993.0
Mr. Vain	54.0	1993.0
Got to Get It	48.0	1993.0
Rock My Heart - Radio Mix	44.0	1993.0
Gangsta's Paradise	80.0	1995.0
Ironic - 2015 Remaster	70.0	1995.0
Hardcore Vibes	57.0	1995.0
Scatman's World	54.0	1995.0
The Bomb (These Sounds Fall Into My Mind)	50.0	1995.0
Think of You - Radio Edit	50.0	1995.0
Dub-I-Dub	49.0	1995.0
Run Away	49.0	1995.0
Come and Get Your Love - Radio Edit	41.0	1995.0
Self Control	40.0	1995.0
Losing My Religion	81.0	1991.0
Big in Japan - Best of-Version	57.0	1991.0
The Sparrows And The Nightingales	46.0	1991.0
Rhythm Is A Dancer - 12'' Version	12.0	1991.0
Love Me To The End	0.0	1991.0
Love to Hate You	0.0	1991.0
Metalhammer	0.0	1991.0
Yellow	81.0	2000.0
Oops!...I Did It Again	76.0	2000.0
Up & Down	61.0	2000.0
We’re Going to Ibiza!	60.0	2000.0
Too Young	57.0	2000.0
Will I Ever	49.0	2000.0
Marian - Version	9.0	2000.0
Around the World (La La La La La) - Radio Version	5.0	2000.0
Another Night	2.0	2000.0
Basket Case	79.0	1994.0
Dreams (Will Come Alive)	61.0	1994.0
Get A Way	60.0	1994.0
Think About The Way	59.0	1994.0
Baby Baby	55.0	1994.0
Never Alone	55.0	1994.0
Here I Go Again	53.0	1994.0
Run To Me	53.0	1994.0
Happy People (feat. Marky Mark)	50.0	1994.0
No More (I Can't Stand It)	48.0	1994.0
"Rhythm Is A Dancer - 7"" Edit"	67.0	1992.0
Rhythm Is A Dancer	57.0	1992.0
I Melt With You	46.0	1992.0
If I Ever Fall In Love	32.0	1992.0
Celebration	27.0	1992.0
Sing Hallelujah!	21.0	1992.0
Around the World	70.0	1997.0
Gettin' Jiggy Wit It	70.0	1997.0
Beds Are Burning - Remastered	63.0	1997.0
I Want You Back - Radio Edit	54.0	1997.0
No Puedo Estar Sin Ti	49.0	1997.0
Take Me Home, Country Roads - Rerecorded	44.0	1997.0
My Oh My	43.0	1997.0
It's My Life	41.0	1997.0
A Donde	30.0	1997.0
Such a Shame	30.0	1997.0
I Want It That Way	76.0	2001.0
Island In The Sun	75.0	2001.0
Don't Stop Believin'	74.0	2001.0
One More Time	74.0	2001.0
Whenever, Wherever	71.0	2001.0
Harder, Better, Faster, Stronger	70.0	2001.0
Piano Man	70.0	2001.0
Uptown Girl	68.0	2001.0
Get the Party Started	66.0	2001.0
You Make My Dreams - Remastered	66.0	2001.0
Big Girls Don't Cry (Personal)	74.0	2006.0
Waiting On the World to Change	74.0	2006.0
Who Knew	69.0	2006.0
Wicked Game	69.0	2006.0
Grace Kelly	67.0	2006.0
Our Song	61.0	2006.0
Rosa Pastel	61.0	2006.0
Enjoy the Silence	58.0	2006.0
"The Best of Both Worlds - From ""Hannah Montana""/Soundtrack Version"	58.0	2006.0
Por Ti	57.0	2006.0
The Scientist	83.0	2002.0
She Will Be Loved - Radio Mix	80.0	2002.0
Complicated	77.0	2002.0
A Thousand Miles	76.0	2002.0
This Love	76.0	2002.0
Clocks	75.0	2002.0
Cry Me a River	74.0	2002.0
In My Place	70.0	2002.0
Mad World (Feat. Michael Andrews)	70.0	2002.0
Jenny from the Block (feat. Jadakiss & Styles P.) - Track Masters Remix	65.0	2002.0
Toxic	78.0	2003.0
I'm Gonna Be (500 Miles)	74.0	2003.0
Stacy's Mom	73.0	2003.0
Crazy In Love (feat. Jay-Z)	69.0	2003.0
All Out of Love	64.0	2003.0
Go West - 2003 Remaster	63.0	2003.0
12:51	61.0	2003.0
Tell It to My Heart	56.0	2003.0
Tus Ojos	56.0	2003.0
Come Clean	55.0	2003.0
Fix You	81.0	2005.0
Hey There Delilah	80.0	2005.0
Hips Don't Lie (feat. Wyclef Jean)	80.0	2005.0
Bad Day	76.0	2005.0
Ridin'	69.0	2005.0
Ni Tú Ni Nadie	68.0	2005.0
Don't Cha	66.0	2005.0
Just the Girl	59.0	2005.0
God Is a DJ	57.0	2005.0
Hard to Say I'm Sorry / Get Away - 2005 Remaster	49.0	2005.0
Thunderstruck	81.0	1990.0
Cherry Pie	62.5	1990.0
I Promised Myself	61.0	1990.0
The Power	59.0	1990.0
Such a Shame	57.0	1990.0
Vogue - Edit	51.0	1990.0
Always The Sun - Sunny Side Up Mix	50.0	1990.0
World In My Eyes - 2006 Remastered Version	49.0	1990.0
Manic Monday	48.0	1990.0
"""This Is Seagull…."""	34.0	1990.0
Yeah! (feat. Lil Jon & Ludacris)	79.0	2004.0
American Idiot	78.0	2004.0
Unwritten	76.0	2004.0
Take Me Out	73.0	2004.0
Beautiful Soul	72.0	2004.0
Because of You	71.0	2004.0
Somebody Told Me	69.0	2004.0
Since U Been Gone	68.0	2004.0
Walk Like an Egyptian	63.0	2004.0
Breakaway	61.0	2004.0
Fast Car	77.0	1988.0
Listen to Your Heart	75.0	1988.0
The Look	72.0	1988.0
A Little Respect - 2009 Remastered Version	69.0	1988.0
The Promise	63.0	1988.0
Headhunter V1.0	42.0	1988.0
Voice of Chunk	35.0	1988.0
Perfect Machine	12.0	1988.0
Running	0.0	1988.0
I Want to Know What Love Is - 1999 Remaster	77.0	1984.0
Can't Fight This Feeling	73.0	1984.0
We're Not Gonna Take It	73.0	1984.0
We Belong	66.0	1984.0
Big in Japan	65.0	1984.0
"Rasputin - 7"" Version"	59.0	1984.0
Material Girl	54.0	1984.0
Tinseltown in the Rain	54.0	1984.0
Sounds Like a Melody	53.0	1984.0
Song To The Siren (Remastered)	51.0	1984.0
Beat It - Single Version	77.0	1982.0
Hungry Like the Wolf - 2009 Remaster	71.0	1982.0
Rio - 2009 Remaster	61.0	1982.0
Shadows Of The Night	55.0	1982.0
Let Me Go	44.0	1982.0
Leave in Silence - 2006 Remaster	30.0	1982.0
Heat Of The Moment	8.0	1982.0
Hooked on a Feeling	75.0	1973.0
Boys Don't Cry	73.0	1979.0
Escape (The Pina Colada Song)	71.0	1979.0
Don't Bring Me Down	70.0	1979.0
Are 'Friends' Electric?	51.0	1979.0
Godzilla	62.0	1977.0
Don't You Want Me	74.0	1981.0
Just Can't Get Enough	71.0	1981.0
Juke Box Hero	67.0	1981.0
Working for the Weekend	66.0	1981.0
Souvenir - Remastered 2003	54.0	1981.0
Love Song	42.0	1981.0
Photographic	40.0	1981.0
Georgia - 2003 Digital Remaster	32.0	1981.0
Bedsitter	18.0	1981.0
Light in Darkness	16.0	1981.0
Sweet Home Alabama	27.0	1974.0
Immigrant Song - Remaster	77.0	1970.0
More Than a Feeling	78.0	1976.0
Carry on Wayward Son	74.0	1976.0
Sweet Child O' Mine	82.0	1987.0
With Or Without You - Remastered	79.0	1987.0
Welcome To The Jungle	78.0	1987.0
Faith - Remastered	75.0	1987.0
Pour Some Sugar On Me - Remastered 2017	74.0	1987.0
Never Gonna Give You Up	66.0	1987.0
The One I Love - Remastered	63.0	1987.0
It's a Sin - 2001 Remaster	38.0	1987.0
Poem Without Words 2 - Journey By Night	37.0	1987.0
My Bag	32.0	1987.0
Don't Stop Me Now - 2011 Mix	75.0	1978.0
Hold the Line	75.0	1978.0
You Really Got Me - 2015 Remaster	64.0	1978.0
Moving in Stereo	56.0	1978.0
One Way Or Another	55.0	1978.0
Metropolis - 2009 Remastered Version	36.0	1978.0
This Island Earth	15.0	1978.0
Fortunate Son	80.0	1969.0
Kiss	73.0	1986.0
(I Just) Died In Your Arms	71.0	1986.0
Bizarre Love Triangle	67.0	1986.0
West End Girls - 2001 Remaster	58.0	1986.0
Livin' On A Prayer	24.0	1986.0
You Give Love A Bad Name	16.0	1986.0
The Lady In Red	14.0	1986.0
Venus	6.0	1986.0
Sunday Morning	1.0	1986.0
Away	0.0	1986.0
Back In Black	83.0	1980.0
You Shook Me All Night Long	78.0	1980.0
Any Way You Want It	71.0	1980.0
Video Killed The Radio Star	70.0	1980.0
Rebel, Rebel	18.0	1980.0
Johnny And Mary	6.0	1980.0
Sweet Dreams (Are Made of This) - Remastered	81.0	1983.0
Girls Just Want to Have Fun	76.0	1983.0
Separate Ways (Worlds Apart)	67.0	1983.0
Karma Chameleon	64.0	1983.0
Here Comes the Rain Again - Remastered Version	62.0	1983.0
Send Me An Angel	55.0	1983.0
Terra Titanic	49.0	1983.0
Solidarity	33.0	1983.0
Telegraph	33.0	1983.0
Get The Balance Right! - Combination Mix	24.0	1983.0
Take on Me	83.0	1985.0
Your Love	70.0	1985.0
Just the Two of Us (feat. Bill Withers)	66.0	1985.0
Broken Wings	65.0	1985.0
Gimme Gimme Gimme (with Patti Austin)	46.0	1985.0
Brothers In Arms	24.0	1985.0
You Spin Me Round (Like a Record)	17.0	1985.0
Everybody Wants To Rule The World - Extended Version	2.0	1985.0
Right Here Waiting	75.0	1989.0
If I Could Turn Back Time	72.0	1989.0
Jump (For My Love)	63.0	1989.0
Major Tom - Coming Home	58.0	1989.0
No me importa nada	56.0	1989.0
So Alive	52.0	1989.0
Vagabonds	43.0	1989.0
Somebody	32.0	1989.0
Something Good	23.0	1989.0
Golden Dreams	0.0	1989.0
On the Road Again - Live	51.0	1975.0
The Box	98.0	2019.0
Tusa	98.0	2019.0
HIGHEST IN THE ROOM	94.0	2019.0
BOP	93.0	2019.0
Vete	93.0	2019.0
Bandit (with YoungBoy Never Broke Again)	92.0	2019.0
Fantasias	92.0	2019.0
No Idea	92.0	2019.0
Ayy Macarena	91.0	2019.0
Futsal Shuffle 2020	91.0	2019.0
Falling	97.0	2018.0
rockstar (feat. 21 Savage)	88.0	2018.0
SAD!	87.0	2018.0
SICKO MODE	87.0	2018.0
Going Bad (feat. Drake)	85.0	2018.0
Murder On My Mind	85.0	2018.0
Swervin (feat. 6ix9ine)	85.0	2018.0
Drip Too Hard (Lil Baby & Gunna)	84.0	2018.0
Falling Down - Bonus Track	83.0	2018.0
MIA (feat. Drake)	83.0	2018.0
Jocelyn Flores	86.0	2017.0
Fuck Love (feat. Trippie Redd)	84.0	2017.0
Ric Flair Drip (& Metro Boomin)	81.0	2017.0
LOVE. FEAT. ZACARI.	80.0	2017.0
Save That Shit	80.0	2017.0
DNA.	79.0	2017.0
Look At Me!	79.0	2017.0
Kraazy	78.0	2017.0
Bad and Boujee (feat. Lil Uzi Vert)	77.0	2017.0
Crew (feat. Brent Faiyaz & Shy Glizzy)	76.0	2017.0
goosebumps	86.0	2016.0
Closer (feat. Halsey)	85.0	2016.0
Don't Let Me Down	81.0	2016.0
This Is What You Came For	79.0	2016.0
Work from Home (feat. Ty Dolla $ign)	78.0	2016.0
Broken	77.0	2016.0
Chill Bill (feat. J. Davi$ & Spooks)	77.0	2016.0
Sucker For Pain (with Wiz Khalifa, Imagine Dragons, Logic & Ty Dolla $ign feat. X Ambassadors)	77.0	2016.0
Money Longer	76.0	2016.0
No Problem (feat. Lil Wayne & 2 Chainz)	74.0	2016.0
No Role Modelz	82.0	2014.0
Hot N*gga	74.0	2014.0
I Mean It (feat. Remo)	74.0	2014.0
Collard Greens	72.0	2014.0
You & Me - Flume Remix	72.0	2014.0
7/11	71.0	2014.0
Trophies	71.0	2014.0
Post to Be (feat. Chris Brown & Jhene Aiko)	70.0	2014.0
Si Te Vienen a Contar	70.0	2014.0
Lifestyle	69.0	2014.0
Wild Ones (feat. Sia)	76.0	2012.0
Starships	73.0	2012.0
Jeremías 17-5	68.0	2012.0
Poetic Justice	68.0	2012.0
Backseat Freestyle	67.0	2012.0
Ayy Ladies	66.0	2012.0
Play Hard (feat. Ne-Yo & Akon)	66.0	2012.0
m.A.A.d city	66.0	2012.0
Love Sosa	64.0	2012.0
Party We Will Throw Now!	64.0	2012.0
Don't	80.0	2015.0
Exchange	79.0	2015.0
Antidote	77.0	2015.0
Kill Yourself (Part III)	77.0	2015.0
Weekend (feat. Miguel)	77.0	2015.0
Come Get Her	76.0	2015.0
679 (feat. Remy Boyz)	75.0	2015.0
Bitch Better Have My Money	75.0	2015.0
Paris	75.0	2015.0
Adventure of a Lifetime	74.0	2015.0
Black Skinhead	75.0	2013.0
Work REMIX (feat. A$AP Rocky, French Montana, Trinidad James & ScHoolboy Q)	71.0	2013.0
DJ Turn It Up	69.0	2013.0
23	68.0	2013.0
Bandz A Make Her Dance (feat. Lil' Wayne & 2 Chainz)	65.0	2013.0
Switch Lanes	64.0	2013.0
Harlem Shake	62.0	2013.0
I Luv This Shit	61.0	2013.0
Band Plays On	59.0	2013.0
We Own It (Fast & Furious)	59.0	2013.0
Ni**as In Paris	77.0	2011.0
The Motto	73.0	2011.0
No Church In The Wild	70.0	2011.0
Donald Trump	68.0	2011.0
Lotus Flower Bomb (feat. Miguel)	67.0	2011.0
Ima Boss (feat. Rick Ross)	65.0	2011.0
No Sleep	65.0	2011.0
Get Low featuring Ying Yang Twins	64.0	2011.0
On My Level (feat. Too $hort)	64.0	2011.0
Trouble On My Mind	64.0	2011.0
Best I Ever Had	72.0	2010.0
No Hands (feat. Roscoe Dash & Wale)	69.33333333333333	2010.0
Memories (feat. Kid Cudi)	66.0	2010.0
Hard in Da Paint	65.0	2010.0
My Chick Bad	65.0	2010.0
Grove St. Party (feat. Kebo Gotti)	63.0	2010.0
Over	63.0	2010.0
All I Do Is Win - Feat. T-Pain, Ludacris, Snoop Dogg & Rick Ross	62.0	2010.0
I Got 5 On It	60.0	2010.0
Smile	60.0	2010.0
Low (feat. T-Pain)	79.0	2008.0
Whatever You Like	74.0	2008.0
Indestructible	70.0	2008.0
Mrs. Officer	69.0	2008.0
It Was A Good Day	60.0	2008.0
A Milli	59.5	2008.0
Lollipop	58.5	2008.0
Wreckonize - Remix Vocal	58.0	2008.0
Let The Beat Build	56.0	2008.0
Independent (feat. Lil' Boosie and Lil' Phat)	55.0	2008.0
Life Is Good (feat. Drake)	93.0	2020.0
Sum 2 Prove	81.0	2020.0
Good News	80.0	2020.0
20/20	79.0	2020.0
Godzilla (feat. Juice WRLD)	79.0	2020.0
La Playa - Remix	79.0	2020.0
Diamonds (with Normani)	77.0	2020.0
6AM.........	76.0	2020.0
Ich hol dich ab	76.0	2020.0
Darkness	75.0	2020.0
Buy U a Drank (Shawty Snappin')	76.0	2007.0
Changes	72.0	2007.0
The Way I Are	72.0	2007.0
Real Muthaphuckkin' G's	69.0	2007.0
Hypnotize - 2007 Remaster	68.0	2007.0
Hypnotized (feat. Akon)	65.0	2007.0
Superstar	65.0	2007.0
Get Money (feat. Junior M.A.F.I.A.) - 2007 Remaster	63.0	2007.0
Juicy - 2007 Remaster	62.0	2007.0
Harder Than You Think	61.0	2007.0
Hard Knock Life (Ghetto Anthem)	66.0	1998.0
Back That Azz Up	65.0	1998.0
Hit 'Em Up - Single Version	65.0	1998.0
Rosa Parks	63.0	1998.0
Wanna Be A Baller	63.0	1998.0
SpottieOttieDopaliscious	60.0	1998.0
Can I Get A...	58.0	1998.0
Aquemini	56.0	1998.0
To Live & Die In L.A.	53.0	1998.0
We Can Freak It	53.0	1998.0
Ambitionz Az A Ridah	77.0	1996.0
All Eyez On Me	75.0	1996.0
If I Ruled the World (Imagine That) (feat. Lauryn Hill)	68.0	1996.0
Only God Can Judge Me	68.0	1996.0
ATLiens	67.0	1996.0
Hail Mary	67.0	1996.0
Hell on Earth (Front Lines)	66.0	1996.0
How Do You Want It	66.0	1996.0
All About U	65.0	1996.0
Can't C Me	65.0	1996.0
Sleep Now In the Fire	66.0	1999.0
Got Your Money (feat. Kelis)	65.0	1999.0
Still Not a Player (feat. Joe) - Radio Version	65.0	1999.0
Twinz (Deep Cover 98) (feat. Fat Joe)	65.0	1999.0
When I B On Tha Mic	64.0	1999.0
Hate Me Now (feat. Puff Daddy)	62.0	1999.0
Quiet Storm	62.0	1999.0
Bitch Please	61.0	1999.0
Notorious B.I.G. (feat. Lil' Kim & Puff Daddy) - 2005 Remaster	56.0	1999.0
You Ain't a Killer	55.0	1999.0
Steady Mobbin	65.0	2009.0
Party and Bullshit - 2008 Remaster	60.0	2009.0
Ice Cream Paint Job	56.0	2009.0
Money To Blow - Street Version	56.0	2009.0
Some Cut (feat. Cutty)	56.0	2009.0
No Problem	54.0	2009.0
Still Not a Player (feat. Joe)	52.0	2009.0
Thug	52.0	2009.0
Wasted (feat. Plies)	52.0	2009.0
Halle Berry (She's Fine)	48.0	2009.0
Are You Gonna Go My Way	72.0	1993.0
C.R.E.A.M.	72.0	1993.0
Gin And Juice (feat. Dat Nigga Daz)	72.0	1993.0
Insane in the Brain	70.0	1993.0
Who Am I (What's My Name)?	70.0	1993.0
93 'Til Infinity	68.0	1993.0
Protect Ya Neck	66.0	1993.0
Wu-Tang Clan Aint Nuthing ta F' Wit	66.0	1993.0
Hip Hop Hooray	64.0	1993.0
Ain't No Fun (If the Homies Cant Have None) (feat. Nate Dogg, Warren G & Kurupt)	63.0	1993.0
Gangsta's Paradise	80.0	1995.0
I Got 5 On It	73.0	1995.0
Shook Ones, Pt. II	73.0	1995.0
Survival of the Fittest	68.0	1995.0
Tha Crossroads	67.0	1995.0
Shimmy Shimmy Ya	65.0	1995.0
1st of Tha Month	64.0	1995.0
Shadowboxin'	64.0	1995.0
Ice Cream (feat. Ghostface Killah, Method Man & Cappadonna)	63.0	1995.0
Runnin'	63.0	1995.0
Mind Playing Tricks on Me	65.0	1991.0
Outshined	63.0	1991.0
Alwayz Into Somethin'	61.0	1991.0
How I Could Just Kill a Man	59.0	1991.0
Now That We Found Love	57.0	1991.0
Tonite	53.0	1991.0
Sometimes I Rhyme Slow	51.0	1991.0
Hand On the Pump	49.0	1991.0
Ain't No Future In Yo' Frontin'	48.0	1991.0
I Don't Give A Fuck	46.0	1991.0
The Real Slim Shady	80.0	2000.0
Ms. Jackson	77.0	2000.0
Stan	74.0	2000.0
So Fresh, So Clean	66.0	2000.0
Put It On Me	64.0	2000.0
What's Your Fantasy (Featuring Shawna)	63.0	2000.0
Hip Hop	62.0	2000.0
B.O.B.	61.0	2000.0
Sippin On Some Syrup (feat. UGK (Underground Kingz) & Project Pat)	57.0	2000.0
Get Your Walk On	52.0	2000.0
Juicy - 2005 Remaster	76.0	1994.0
Big Poppa - 2005 Remaster	74.0	1994.0
Sabotage	71.0	1994.0
Check Yo Self - Remix	69.0	1994.0
Who Shot Ya? - 2005 Remaster	68.0	1994.0
N.Y. State of Mind	66.0	1994.0
Gimme the Loot - 2005 Remaster	64.0	1994.0
Suicidal Thoughts - 2005 Remaster	64.0	1994.0
This D.J.	64.0	1994.0
A Girl Like You	63.0	1994.0
Jump Around	74.0	1992.0
Passin' Me By	67.0	1992.0
Jump	66.0	1992.0
Tonight's Da Night	62.0	1992.0
Damn It Feels Good to Be a Gangsta	60.0	1992.0
They Reminisce Over You (T.R.O.Y.)	60.0	1992.0
They Want EFX	55.0	1992.0
Green Machine	54.0	1992.0
Back To The Hotel	53.0	1992.0
Don't Sweat The Technique	53.0	1992.0
Hypnotize - 2014 Remaster	75.0	1997.0
Song 2 - 2012 Remaster	74.0	1997.0
Mo Money Mo Problems (feat. Puff Daddy & Mase) - 2014 Remaster	72.0	1997.0
Do For Love	70.0	1997.0
Notorious Thugs - 2014 Remaster	66.0	1997.0
Feel so Good	64.0	1997.0
Comprendes, Mendes?	60.0	1997.0
Blue on Black	59.0	1997.0
Can't Nobody Hold Me Down (feat. Mase)	59.0	1997.0
Been Around the World (feat. The Notorious B.I.G. & Mase)	58.0	1997.0
What's Luv? (feat. Ja-Rule & Ashanti)	72.0	2001.0
Let Me Blow Ya Mind	71.0	2001.0
I Got Love	60.0	2001.0
You Know How We Do It	60.0	2001.0
Area Codes	59.0	2001.0
Rollout (My Business)	58.0	2001.0
I'm a Thug	56.0	2001.0
One Minute Man (feat. Ludacris)	56.0	2001.0
Hello	55.0	2001.0
Worst Comes To Worst - Edited	55.0	2001.0
My Love (feat. T.I.)	70.0	2006.0
Snap Yo Fingers	68.0	2006.0
I Wanna Love You	66.0	2006.0
Joker And The Thief	66.0	2006.0
Why We Thugs	62.0	2006.0
U and Dat (feat. T. Pain & Kandi Girl)	61.0	2006.0
Lean Wit It, Rock Wit It	60.0	2006.0
Set It Off	60.0	2006.0
Push It	59.0	2006.0
Stuntin' Like My Daddy - Street	59.0	2006.0
Dilemma	77.0	2002.0
Cry Me a River	74.0	2002.0
Get Busy	71.0	2002.0
Get Low	71.0	2002.0
Hot In Herre	71.0	2002.0
Work It	70.0	2002.0
I Know What You Want (feat. Flipmode Squad)	66.0	2002.0
Air Force Ones	61.0	2002.0
It's Like That	61.0	2002.0
Good Times	60.0	2002.0
Suga Suga	72.0	2003.0
Roses	71.0	2003.0
P.I.M.P.	69.5	2003.0
21 Questions	69.0	2003.0
Right Thurr	67.0	2003.0
Gangsta Nation	66.0	2003.0
Many Men (Wish Death)	65.0	2003.0
Where The Hood At	63.5	2003.0
Patiently Waiting	62.5	2003.0
99 Problems	60.0	2003.0
Ridin'	69.0	2005.0
Laffy Taffy	68.0	2005.0
I'm Sprung	67.0	2005.0
Big City Life	65.0	2005.0
Beautiful	64.0	2005.0
Soul Survivor	64.0	2005.0
Still Tippin' (feat. Slim Thug & Paul Wall)	62.0	2005.0
Stay Fly - Explicit Album Version	60.0	2005.0
Sweet Soul Music	60.0	2005.0
Sittin' Sidewayz (feat. Big Pokey)	59.0	2005.0
Can I Kick It?	69.0	1990.0
Fight The Power	56.0	1990.0
The Ghetto	55.0	1990.0
La Raza	51.0	1990.0
The Nigga Ya Love To Hate	51.0	1990.0
Late Night Hype	49.0	1990.0
Knockin' Boots	43.0	1990.0
Freaks of the Industry	42.0	1990.0
Murder Rap	31.0	1990.0
Feel The Bass Again	26.0	1990.0
Yeah! (feat. Lil Jon & Ludacris)	79.0	2004.0
Through The Wire	69.0	2004.0
Ghetto Gospel	68.0	2004.0
I Need a Girl, Pt. 2 (feat. Loon, Ginuwine & Mario Winans)	67.0	2004.0
Let's Go (feat. Big D & Twista)	65.0	2004.0
Overnight Celebrity	64.0	2004.0
Freek-A-Leek	63.0	2004.0
Tipsy - Club Mix	62.0	2004.0
Tipsy - Radio Mix	62.0	2004.0
Gravel Pit	60.0	2004.0
No More ?'s	64.0	1988.0
Eazy-Duz-It	56.0	1988.0
My Prerogative	56.0	1988.0
Don't Believe The Hype	52.0	1988.0
Dopeman - Remix	50.0	1988.0
Eazy-er Said Than Dunn	50.0	1988.0
Posse On Broadway	50.0	1988.0
Straight Outta Compton	49.0	1988.0
Microphone Fiend	47.0	1988.0
Supersonic	47.0	1988.0
Sucker M.C.'s (Krush-Groove 1)	43.0	1984.0
Beat It - Single Version	77.0	1982.0
The Message (feat. Melle Mel & Duke Bootee)	48.0	1982.0
I Believe In You (You Believe In Me)	38.0	1973.0
Down Home Blues	37.0	1981.0
Cheating In The Next Room	35.0	1981.0
Sweet Home Alabama	81.0	1974.0
Woman To Woman	48.0	1974.0
Layla - 40th Anniversary Version / 2010 Remastered	21.0	1970.0
Midnight Rider	3.0	1970.0
Running Out Of Lies	36.0	1976.0
Boyz-N-The-Hood	64.0	1987.0
Paid In Full	51.0	1987.0
I Ain't No Joke	48.0	1987.0
I'm Bad	47.0	1987.0
Ghetto Man	34.0	1987.0
Mr. Big Stuff - Remix	28.0	1987.0
Old Time Rock & Roll	72.0	1978.0
Can I Change My Mind	38.0	1969.0
Walk This Way (feat. Aerosmith)	68.0	1986.0
Hold It Now, Hit It	46.0	1986.0
Let's Straighten It Out	39.0	1983.0
Rock The Bells	51.0	1985.0
King of Rock	46.0	1985.0
Members Only	38.0	1985.0
It's Funky Enough - Remastered Single	51.0	1989.0
The Formula	46.0	1989.0
My Hooptie	39.0	1989.0
The Rhythm	29.0	1989.0
The Pusher	54.0	1968.0
Slip Away	53.0	1968.0
Can't You Hear Me Knocking - Remastered	3.0	1971.0
Just Got Paid	52.0	1972.0
Brown Eyed Girl	79.0	1967.0
bad guy	95.0	2019.0
Unsainted	77.0	2019.0
Popular Monster	75.0	2019.0
Ludens	73.0	2019.0
Bubble Gum	72.0	2019.0
Nero Forte	72.0	2019.0
Glory	71.0	2019.0
Under the Graveyard	71.0	2019.0
original me (feat. dan reynolds of imagine dragons)	71.0	2019.0
Resentment	70.0	2019.0
Sunflower - Spider-Man: Into the Spider-Verse	88.0	2018.0
New Light	80.0	2018.0
Venom - Music From The Motion Picture	76.0	2018.0
It's Not Living (If It's Not With You)	74.0	2018.0
Wake Up in the Sky	73.0	2018.0
Can I Call You Tonight?	72.0	2018.0
La Mujer Perfecta	72.0	2018.0
Hunnybee	69.0	2018.0
Pressure	69.0	2018.0
Peach Pit	67.0	2018.0
Loving Is Easy	80.0	2017.0
Sign of the Times	80.0	2017.0
Sunflower	79.0	2017.0
Falling for U	78.0	2017.0
Lo Que Siento	76.0	2017.0
Everytime	70.0	2017.0
Television / So Far So Good	69.0	2017.0
Carolina	68.0	2017.0
Talk Too Much	68.0	2017.0
You Say I'm in Love	68.0	2017.0
We Don't Talk Anymore	79.0	2016.0
Dark Necessities	74.0	2016.0
Locos	71.0	2016.0
Scars	67.0	2016.0
Waste A Moment	67.0	2016.0
Silvertongue	66.0	2016.0
Kids	64.0	2016.0
WALLS	64.0	2016.0
Hot Blood	63.0	2016.0
Edge of Seventeen - 2016 Remaster	61.0	2016.0
Dancin (feat. Luvli) - Krono Remix	84.0	2014.0
A Sky Full of Stars	78.0	2014.0
Chamber Of Reflection	73.0	2014.0
Magic	72.0	2014.0
The Devil in I	71.0	2014.0
I Love You So	70.0	2014.0
My Demons	70.0	2014.0
Kathleen	66.0	2014.0
Always in My Head	65.0	2014.0
Cold Cold Man	65.0	2014.0
Feels Like We Only Go Backwards	75.0	2012.0
We Are Young (feat. Janelle Monáe)	75.0	2012.0
Breezeblocks	73.0	2012.0
Madness	70.0	2012.0
Absolute Zero	68.0	2012.0
Courtesy Call	68.0	2012.0
She	64.0	2012.0
Como Tú (Magic Music Box)	63.0	2012.0
War of Change	63.0	2012.0
Souvenir	62.0	2012.0
The Less I Know The Better	85.0	2015.0
Stressed Out	83.0	2015.0
Heavydirtysoul	71.0	2015.0
Molly (feat. Brendon Urie of Panic at the Disco)	70.0	2015.0
Psycho	69.0	2015.0
Yes I'm Changing	69.0	2015.0
Throne	68.0	2015.0
Cut the Cord	67.0	2015.0
I Am Machine	67.0	2015.0
State of My Head	66.0	2015.0
Do I Wanna Know?	82.0	2013.0
Why'd You Only Call Me When You're High?	76.0	2013.0
Cigarette Daydreams	72.0	2013.0
My Number	70.0	2013.0
Arrullo De Estrellas	68.0	2013.0
Shepherd of Fire	68.0	2013.0
Wrong Side of Heaven	67.0	2013.0
I Sat By The Ocean	66.0	2013.0
Call It Fate, Call It Karma	63.0	2013.0
Hail to the King	62.0	2013.0
Pumped Up Kicks	83.0	2011.0
Tongue Tied	78.0	2011.0
Somebody That I Used To Know	77.0	2011.0
Lonely Boy	72.0	2011.0
Still Loving You	72.0	2011.0
Cough Syrup	70.0	2011.0
Gold on the Ceiling	69.0	2011.0
The Look	69.0	2011.0
Under Cover of Darkness	69.0	2011.0
Walk	68.0	2011.0
What You Know	71.0	2010.0
The Suburbs	69.0	2010.0
Animal	68.0	2010.0
Down with the Sickness	68.0	2010.0
Cryin' Like A Bitch!!	66.0	2010.0
Pensando en Ti	66.0	2010.0
Love Will Tear Us Apart - 2010 Remaster	64.0	2010.0
A Warrior's Call	63.0	2010.0
Carry on Wayward Son	63.0	2010.0
Love-Hate-Sex-Pain	62.0	2010.0
Viva La Vida	78.0	2008.0
TRUE - Single Edit	72.0	2008.0
Love Will Tear Us Apart	71.0	2008.0
Ain't No Rest For The Wicked - Original Version	70.0	2008.0
Burn It to the Ground	70.0	2008.0
Indestructible	70.0	2008.0
Savior	70.0	2008.0
A-Punk	69.0	2008.0
Radar Love	64.0	2008.0
Anemone	62.0	2008.0
Woods	72.0	2020.0
Ordinary Man (feat. Elton John)	71.0	2020.0
Full Circle	68.0	2020.0
Break My Baby	63.0	2020.0
Soak Me in Bleach	61.0	2020.0
Empire	60.0	2020.0
Infinite	59.0	2020.0
So Predictable	57.0	2020.0
Wasting Time	57.0	2020.0
Half Your Age	56.0	2020.0
Electric Feel	77.0	2007.0
Kids	76.0	2007.0
The Pretender	76.0	2007.0
Thnks fr th Mmrs	76.0	2007.0
Love Song	75.0	2007.0
Bleed It Out	72.0	2007.0
I Hate Everything About You	72.0	2007.0
Misery Business	71.0	2007.0
Time to Pretend	71.0	2007.0
Given Up	67.0	2007.0
Iris	77.0	1998.0
Careless Whisper	75.0	1998.0
"I Don't Want to Miss a Thing - From ""Armageddon"" Soundtrack"	75.0	1998.0
"I Don't Want to Miss a Thing - From the Touchstone film, ""Armageddon"""	74.0	1998.0
Freak On a Leash	73.0	1998.0
You Get What You Give	73.0	1998.0
Enjoy the Silence	71.0	1998.0
Always on My Mind	70.0	1998.0
Fly Away	70.0	1998.0
One Week	69.0	1998.0
Bulls On Parade	73.0	1996.0
Como te extraño mi amor	70.0	1996.0
Cum on Feel the Noize	70.0	1996.0
One Headlight	70.0	1996.0
Lovefool	69.0	1996.0
3AM	68.0	1996.0
Crash into Me	66.0	1996.0
Wrong Way	64.0	1996.0
Criminal	61.0	1996.0
Barely Breathing	58.0	1996.0
Californication	81.0	1999.0
All Star	79.0	1999.0
Scar Tissue	76.0	1999.0
Drive	74.0	1999.0
Total Eclipse of the Heart	74.0	1999.0
Learn to Fly	73.0	1999.0
Break Stuff	71.0	1999.0
Last Kiss	70.0	1999.0
My Own Worst Enemy	70.0	1999.0
"Take My Breath Away - Love Theme from ""Top Gun"""	70.0	1999.0
Monster	75.0	2009.0
Uprising	75.0	2009.0
Hero	72.0	2009.0
I Will Not Bow	71.0	2009.0
Stuck In The Middle With You	71.0	2009.0
Dancing in the Moonlight	69.0	2009.0
This Is War	67.0	2009.0
Undisclosed Desires	65.0	2009.0
Break	63.0	2009.0
Resistance	63.0	2009.0
Linger	75.0	1993.0
Heart-Shaped Box	74.0	1993.0
Are You Gonna Go My Way	72.0	1993.0
Dreams	72.0	1993.0
Ordinary World	72.0	1993.0
Shape Of My Heart	72.0	1993.0
Come Undone	66.0	1993.0
All I Wanna Do	65.0	1993.0
Laid	64.0	1993.0
Atlantic City	61.0	1993.0
Wonderwall - Remastered	79.0	1995.0
Don't Look Back in Anger - Remastered	73.0	1995.0
High And Dry	72.0	1995.0
Don't Speak	70.0	1995.0
Fake Plastic Trees	70.0	1995.0
Common People	68.0	1995.0
"It Must Have Been Love - From the Film ""Pretty Woman"""	68.0	1995.0
Santa Monica	68.0	1995.0
Champagne Supernova - Remastered	66.0	1995.0
I'd Do Anything For Love (But I Won't Do That) - Live From The Beacon Theatre, New York, U.S.A./1995	66.0	1995.0
Under the Bridge	81.0	1991.0
Smells Like Teen Spirit	78.66666666666667	1991.0
One	77.0	1991.0
Black	75.0	1991.0
Even Flow	75.0	1991.0
(Everything I Do) I Do It For You	74.0	1991.0
Give It Away	73.0	1991.0
Learning To Fly	71.0	1991.0
Mama, I'm Coming Home	69.0	1991.0
Yellow Ledbetter	69.0	1991.0
In the End	83.0	2000.0
Yellow	81.0	2000.0
Kryptonite	77.0	2000.0
Down with the Sickness	74.0	2000.0
I Want To Hold Your Hand - Remastered 2015	74.0	2000.0
One Step Closer	74.0	2000.0
Beautiful Day	72.0	2000.0
Trouble	71.0	2000.0
Girls and Boys	68.0	2000.0
Rock DJ	68.0	2000.0
Basket Case	79.0	1994.0
When I Come Around	75.0	1994.0
Hallelujah	72.0	1994.0
The Man Who Sold The World	72.0	1994.0
Afuera	71.0	1994.0
Interstate Love Song	71.0	1994.0
I'll Stand by You	69.0	1994.0
Ode To My Family	69.0	1994.0
Loser	68.0	1994.0
Only Wanna Be with You	68.0	1994.0
Killing In The Name	78.0	1992.0
Friday I'm In Love	75.0	1992.0
Bed Of Roses	73.0	1992.0
Everybody Hurts	73.0	1992.0
No Rain	73.0	1992.0
Tears in Heaven - Acoustic; Live at MTV Unplugged, Bray Film Studios, Windsor, England, UK, 1/16/1992; 2013 Remaster	73.0	1992.0
Walk	72.0	1992.0
Symphony Of Destruction	70.0	1992.0
Runaway Train	68.0	1992.0
Friday I'm in Love	67.0	1992.0
Bitter Sweet Symphony	78.0	1997.0
Everlong	77.0	1997.0
Karma Police	74.0	1997.0
Semi-Charmed Life	74.0	1997.0
Song 2 - 2012 Remaster	74.0	1997.0
Angels	73.0	1997.0
"Danger Zone - From ""Top Gun"" Original Soundtrack"	71.0	1997.0
I'll Be	70.0	1997.0
My Hero	69.0	1997.0
Torn	69.0	1997.0
Last Resort	79.0	2001.0
How You Remind Me	78.0	2001.0
Toxicity	78.0	2001.0
Drops of Jupiter	77.0	2001.0
Your Body Is a Wonderland	77.0	2001.0
Island In The Sun	75.0	2001.0
Don't Stop Believin'	74.0	2001.0
In Too Deep	74.0	2001.0
Fat Lip	73.0	2001.0
Wherever You Will Go	72.0	2001.0
Snow (Hey Oh)	79.0	2006.0
Welcome to the Black Parade	78.0	2006.0
Chasing Cars	77.0	2006.0
Teenagers	77.0	2006.0
Dani California	76.0	2006.0
Crazy	75.0	2006.0
When You Were Young	75.0	2006.0
Starlight	73.0	2006.0
Supermassive Black Hole	73.0	2006.0
Animal I Have Become	72.0	2006.0
Can't Stop	80.0	2002.0
Here Without You	75.0	2002.0
By the Way	74.0	2002.0
Headstrong	73.0	2002.0
Feel	72.0	2002.0
No One Knows	71.0	2002.0
Still Waiting	69.0	2002.0
When I'm Gone	69.0	2002.0
Lifestyles of the Rich & Famous	68.0	2002.0
The Red	68.0	2002.0
Numb	81.0	2003.0
Bring Me To Life	78.0	2003.0
Are You Gonna Be My Girl	74.0	2003.0
I'm Gonna Be (500 Miles)	74.0	2003.0
Eres	73.0	2003.0
Reptilia	73.0	2003.0
Stacy's Mom	73.0	2003.0
I Hate Everything About You	70.0	2003.0
Love	70.0	2003.0
Going Under	69.0	2003.0
Feel Good Inc.	80.0	2005.0
Bad Day	76.0	2005.0
You're Beautiful	76.0	2005.0
B.Y.O.B.	75.0	2005.0
Blue Monday - 2016 Remaster	73.0	2005.0
Stricken	72.0	2005.0
Coming Undone	71.0	2005.0
Lips Of An Angel	71.0	2005.0
Self Esteem	71.0	2005.0
The Kill	71.0	2005.0
Thunderstruck	81.0	1990.0
More Than Words	71.0	1990.0
La Célula Que Explota	69.0	1990.0
Black Betty	67.0	1990.0
What I Like About You	66.0	1990.0
Cherry Pie	65.0	1990.0
Enjoy the Silence - Single Mix	65.0	1990.0
Are You Ready	64.0	1990.0
She Talks To Angels	63.0	1990.0
Silent Lucidity - Remastered/2003	61.0	1990.0
American Idiot	78.0	2004.0
Mr. Brightside	77.0	2004.0
Somewhere Only We Know	77.0	2004.0
Duality	76.0	2004.0
Wake Me up When September Ends	76.0	2004.0
I'm Not Okay (I Promise)	74.0	2004.0
Everybody's Changing	73.0	2004.0
Take Me Out	71.5	2004.0
Boulevard of Broken Dreams	71.0	2004.0
Can't Be Touched (feat. Mr. Magic & Trouble)	71.0	2004.0
Where Is My Mind?	74.0	1988.0
American Pie	71.0	1988.0
Every Rose Has Its Thorn - Remastered 2003	71.0	1988.0
She Drives Me Crazy	71.0	1988.0
A Little Respect - 2009 Remastered Version	69.0	1988.0
Gypsy	69.0	1988.0
Viento	68.0	1988.0
Bad Medicine	67.0	1988.0
I Hate Myself for Loving You	67.0	1988.0
Patience	67.0	1988.0
Jump - 2015 Remaster	78.0	1984.0
I Want to Know What Love Is - 1999 Remaster	77.0	1984.0
Dancing In the Dark	76.0	1984.0
The Boys Of Summer	76.0	1984.0
Born in the U.S.A.	75.0	1984.0
Can't Fight This Feeling	73.0	1984.0
Panama - 2015 Remaster	73.0	1984.0
We're Not Gonna Take It	73.0	1984.0
This Charming Man - 2011 Remaster	72.0	1984.0
You're the Inspiration - 2006 Remaster	72.0	1984.0
Africa	83.0	1982.0
Billie Jean	81.0	1982.0
Under Pressure - Remastered	81.0	1982.0
Should I Stay or Should I Go - Remastered	79.0	1982.0
Beat It - Single Version	77.0	1982.0
Jack & Diane	73.0	1982.0
Rock the Casbah - Remastered	72.0	1982.0
Hungry Like the Wolf - 2009 Remaster	71.0	1982.0
Hurts So Good	69.0	1982.0
White Wedding - Pt. 1	68.0	1982.0
Dream On	78.0	1973.0
La Grange - 2005 Remaster	74.0	1973.0
Knockin' On Heaven's Door - Remastered	73.0	1973.0
Money	73.0	1973.0
Angie	72.0	1973.0
Long Train Runnin'	71.0	1973.0
Crocodile Rock	70.0	1973.0
Time	70.0	1973.0
Bennie And The Jets - Remastered 2014	68.5	1973.0
Breathe (In the Air)	68.0	1973.0
Highway to Hell	83.0	1979.0
Another Brick in the Wall, Pt. 2	76.0	1979.0
Comfortably Numb	74.0	1979.0
Message In A Bottle	74.0	1979.0
Boys Don't Cry	73.0	1979.0
London Calling - Remastered	73.0	1979.0
My Sharona	73.0	1979.0
Escape (The Pina Colada Song)	71.0	1979.0
The Logical Song - Remastered 2010	71.0	1979.0
Don't Bring Me Down	70.0	1979.0
Dreams - 2004 Remaster	79.0	1977.0
Mr. Blue Sky	79.0	1977.0
Dust in the Wind	77.0	1977.0
We Are The Champions - Remastered 2011	76.0	1977.0
Heroes - 2017 Remaster	75.0	1977.0
Give A Little Bit	74.0	1977.0
Go Your Own Way - 2004 Remaster	73.33333333333333	1977.0
The Chain - 2004 Remaster	73.0	1977.0
We Will Rock You - Remastered	73.0	1977.0
Psycho Killer - 2005 Remaster	72.0	1977.0
Don't Stop Believin'	80.0	1981.0
In The Air Tonight - 2015 Remastered	76.0	1981.0
Start Me Up - Remastered	76.0	1981.0
Don't You Want Me	74.0	1981.0
I Love Rock 'N Roll	72.0	1981.0
Centerfold	71.0	1981.0
Just Can't Get Enough	71.0	1981.0
Heart Of Glass - Special Mix	70.0	1981.0
Jessie's Girl	70.0	1981.0
Limelight	69.0	1981.0
Rebel Rebel - 2016 Remaster	74.0	1974.0
You Ain't Seen Nothing Yet	68.0	1974.0
Bad Company - 2015 Remaster	63.0	1974.0
Sundown	63.0	1974.0
Sweet Home Alabama	63.0	1974.0
Ballroom Blitz	60.0	1974.0
Doctor Doctor - 2007 Remaster	60.0	1974.0
Rikki Don't Lose That Number	60.0	1974.0
The Bitch Is Back	59.0	1974.0
You're No Good	59.0	1974.0
Let It Be - Remastered 2009	79.0	1970.0
Have You Ever Seen The Rain	78.0	1970.0
Immigrant Song - Remaster	77.0	1970.0
Roadhouse Blues	72.0	1970.0
Moondance - 2013 Remaster	69.0	1970.0
Mississippi Queen	68.0	1970.0
Paranoid - 2016 Remaster	68.0	1970.0
Iron Man - 2014 Remaster	66.0	1970.0
Oh! Sweet Nuthin' - 2015 Remastered	66.0	1970.0
Casey Jones - 2013 Remaster	64.0	1970.0
Hotel California - 2013 Remaster	82.0	1976.0
T.N.T.	77.0	1976.0
Carry on Wayward Son	74.0	1976.0
If You Leave Me Now	74.0	1976.0
American Girl	73.0	1976.0
Dirty Deeds Done Dirt Cheap	73.0	1976.0
Life in the Fast Lane - 2013 Remaster	72.0	1976.0
Blitzkrieg Bop - 2016 Remaster	71.0	1976.0
It's a Long Way to the Top (If You Wanna Rock 'N' Roll)	70.0	1976.0
Rich Girl	70.0	1976.0
Pour Some Sugar On Me - Remastered 2017	74.0	1987.0
Alone	73.0	1987.0
The House of the Rising Sun	73.0	1987.0
Englishman In New York	71.0	1987.0
Dude (Looks Like A Lady)	70.0	1987.0
Got My Mind Set On You - 2004 Mix	70.0	1987.0
Hysteria	68.0	1987.0
I Think We're Alone Now	68.0	1987.0
Here I Go Again - 2018 Remaster	67.5	1987.0
Just Like Heaven	67.5	1987.0
Don't Stop Me Now - 2011 Mix	83.0	1978.0
Roxanne	77.0	1978.0
Hold the Line	75.0	1978.0
Runnin' with the Devil - 2015 Remaster	70.0	1978.0
Baker Street	69.0	1978.0
Just What I Needed	69.0	1978.0
What a Fool Believes	68.0	1978.0
Wuthering Heights	68.0	1978.0
Fat Bottomed Girls - 2011 Remaster	67.0	1978.0
Fat Bottomed Girls - Remastered 2011	66.0	1978.0
Come Together - Remastered 2009	79.0	1969.0
Whole Lotta Love - 1990 Remaster	76.0	1969.0
Something - Remastered 2009	71.0	1969.0
Good Times Bad Times - 1993 Remaster	70.0	1969.0
Ramble On - 1990 Remaster	70.0	1969.0
Touch Me	67.0	1969.0
Pale Blue Eyes	66.0	1969.0
You Can't Always Get What You Want	66.0	1969.0
Black Magic Woman - Single Version	65.0	1969.0
Dazed and Confused	63.0	1969.0
The Final Countdown	75.0	1986.0
You Can Call Me Al	75.0	1986.0
There Is a Light That Never Goes Out - 2011 Remaster	73.0	1986.0
You Shook Me All Night Long	72.0	1986.0
Glory of Love	71.0	1986.0
Carrie	70.0	1986.0
True Colors	68.0	1986.0
Walk This Way (feat. Aerosmith)	68.0	1986.0
Bigmouth Strikes Again - 2011 Remaster	67.0	1986.0
Bizarre Love Triangle	67.0	1986.0
Back In Black	83.0	1980.0
Another One Bites The Dust - Remastered 2011	79.33333333333333	1980.0
You Shook Me All Night Long	78.0	1980.0
Crazy Train	77.0	1980.0
You Make My Dreams	77.0	1980.0
Ace of Spades	74.0	1980.0
Crazy Little Thing Called Love - Remastered 2011	74.0	1980.0
Any Way You Want It	71.0	1980.0
Hells Bells	70.0	1980.0
Keep on Loving You	70.0	1980.0
Every Breath You Take	83.0	1983.0
Sweet Dreams (Are Made of This) - Remastered	81.0	1983.0
Uptown Girl	77.0	1983.0
Girls Just Want to Have Fun	76.0	1983.0
99 Luftballons	73.0	1983.0
Karma Chameleon - Remastered	72.0	1983.0
Sharp Dressed Man - 2008 Remaster	72.0	1983.0
Let's Dance - 2018 Remaster	71.0	1983.0
Rebel Yell	71.0	1983.0
Sunday Bloody Sunday - Remastered 2008	70.0	1983.0
Take on Me	83.0	1985.0
Everybody Wants To Rule The World	80.0	1985.0
Eye of the Tiger	76.0	1985.0
Your Love	70.33333333333333	1985.0
Shout	70.0	1985.0
How Will I Know	69.0	1985.0
Close To Me	68.0	1985.0
St. Elmos Fire (Man in Motion)	68.0	1985.0
Addicted To Love	67.0	1985.0
Broken Wings	65.0	1985.0
Right Here Waiting	75.0	1989.0
We Didn't Start the Fire	73.0	1989.0
I Won't Back Down	71.0	1989.0
Free Fallin'	70.5	1989.0
18 and Life	69.0	1989.0
Love Shack	69.0	1989.0
I Remember You	68.0	1989.0
Hey	67.0	1989.0
Poison	65.6	1989.0
Lovesong - Remastered	65.0	1989.0
Bohemian Rhapsody - 2011 Mix	80.0	1975.0
Landslide	77.0	1975.0
Wish You Were Here	76.0	1975.0
Born to Run	73.0	1975.0
Sweet Emotion	73.0	1975.0
Walk This Way	72.0	1975.0
You Sexy Thing	71.0	1975.0
I'm Not In Love	70.0	1975.0
No Woman, No Cry - Live At The Lyceum, London/1975	70.0	1975.0
50 Ways to Leave Your Lover	69.0	1975.0
All Along the Watchtower	76.0	1968.0
Born To Be Wild	73.0	1968.0
Born To Be Wild - Single Version	67.0	1968.0
Piece of My Heart	67.0	1968.0
Hello, I Love You	62.0	1968.0
Helter Skelter - Remastered 2009	62.0	1968.0
Hush - 1998 Remaster	62.0	1968.0
Sweet Thing - 1999 Remaster	62.0	1968.0
A Hazy Shade of Winter	54.0	1968.0
The Pusher	54.0	1968.0
Tiny Dancer	79.0	1971.0
Stairway to Heaven - Remaster	78.0	1971.0
Riders on the Storm	74.0	1971.0
American Pie	73.0	1971.0
Black Dog - Remaster	73.0	1971.0
Wild Horses	72.0	1971.0
Stairway to Heaven - 1990 Remaster	69.0	1971.0
Changes - 2015 Remaster	66.0	1971.0
Honky Tonk Women - Mono Version	66.0	1971.0
Jealous Guy - Remastered 2010	66.0	1971.0
Rocket Man (I Think It's Going To Be A Long, Long Time)	81.0	1972.0
Listen to the Music	75.0	1972.0
Smoke On The Water - Remastered 2012	75.0	1972.0
Take It Easy - 2013 Remaster	75.0	1972.0
You're so Vain	75.0	1972.0
Walk On the Wild Side	74.0	1972.0
Starman - 2012 Remaster	73.0	1972.0
Brandy (You're a Fine Girl)	72.0	1972.0
Heart of Gold - 2009 Remaster	71.0	1972.0
Reelin' In The Years	71.0	1972.0
Happy Together	74.0	1967.0
Light My Fire	72.0	1967.0
Break on Through (To the Other Side)	71.0	1967.0
Purple Haze	71.0	1967.0
Hey Joe	70.0	1967.0
People Are Strange	69.0	1967.0
White Rabbit	69.0	1967.0
Nights In White Satin - Single Version / Mono Mix	67.0	1967.0
A Day In The Life - Remastered 2009	66.0	1967.0
Waterloo Sunset - Mono Mix	66.0	1967.0
For What It's Worth	73.0	1966.0
Wouldn't It Be Nice - Stereo Mix	71.0	1966.0
Paint It, Black - Mono	66.0	1966.0
Like a Rolling Stone - Live at Royal Albert Hall, London, UK - May 26, 1966	61.0	1966.0
House Of The Rising Sun	60.0	1966.0
Sunshine Superman	59.0	1966.0
My Generation - Mono Version	56.0	1966.0
Gimme Shelter - Mono	36.0	1966.0
Paint It Black	14.0	1966.0
One Bourbon, One Scotch, One Beer	2.0	1966.0
(I Can't Get No) Satisfaction - Mono Version	76.0	1965.0
In My Life - Remastered 2009	73.0	1965.0
Like a Rolling Stone	71.0	1965.0
Turn! Turn! Turn! (To Everything There Is a Season)	42.0	1965.0
I Can't Explain - Stereo Version	41.0	1965.0
Where Have All the Good Times Gone	36.0	1965.0
My Generation - Shel Talmy Stereo Version	1.0	1965.0
The Sound of Silence - Acoustic Version	74.0	1964.0
You Really Got Me - Mono Mix	72.0	1964.0
Eight Days A Week - Remastered 2009	65.0	1964.0
All Day and All of the Night	33.0	1964.0
You Really Got Me	16.0	1964.0
I Saw Her Standing There - Remastered 2009	71.0	1963.0
A Hard Rain's A-Gonna Fall	59.0	1963.0
Surfer Joe - Hit Version	15.0	1963.0
Driftin' Blues	0.0	1963.0
Green Onions	64.0	1962.0
Long Tall Sally (The Thing)	1.0	1957.0
Jailhouse Rock	73.0	1958.0
Circles	98.0	2019.0
The Box	98.0	2019.0
Tusa	98.0	2019.0
Don't Start Now	97.0	2019.0
everything i wanted	97.0	2019.0
RITMO (Bad Boys For Life)	96.0	2019.0
bad guy	95.0	2019.0
HIGHEST IN THE ROOM	94.0	2019.0
My Oh My (feat. DaBaby)	94.0	2019.0
Ride It	94.0	2019.0
Falling	97.0	2018.0
Sunflower - Spider-Man: Into the Spider-Verse	88.0	2018.0
Without Me	88.0	2018.0
SAD!	87.0	2018.0
SICKO MODE	87.0	2018.0
Sweet but Psycho	87.0	2018.0
3 Nights	86.0	2018.0
Calma - Remix	86.0	2018.0
High Hopes	86.0	2018.0
Can We Kiss Forever?	85.0	2018.0
Perfect	86.0	2017.0
Thunder	85.0	2017.0
Let You Down	83.0	2017.0
Meant to Be (feat. Florida Georgia Line)	81.0	2017.0
Ric Flair Drip (& Metro Boomin)	81.0	2017.0
Body	79.0	2017.0
Nevermind	79.0	2017.0
Stay	79.0	2017.0
Tu Sicaria	78.0	2017.0
Me Rehúso	77.0	2017.0
Closer (feat. Halsey)	85.0	2016.0
Don't Let Me Down	81.0	2016.0
Cake By The Ocean	80.0	2016.0
7 Years	79.0	2016.0
We Don't Talk Anymore	79.0	2016.0
Dangerous Woman	77.0	2016.0
My Way	77.0	2016.0
Rockabye (feat. Sean Paul & Anne-Marie)	77.0	2016.0
Sucker For Pain (with Wiz Khalifa, Imagine Dragons, Logic & Ty Dolla $ign feat. X Ambassadors)	77.0	2016.0
Ya Me Enteré	75.0	2016.0
Photograph	84.0	2014.0
Thinking out Loud	83.0	2014.0
Rude	78.0	2014.0
Best Day Of My Life	76.0	2014.0
Propuesta Indecente	76.0	2014.0
Counting Stars	74.0	2014.0
Problem	74.0	2014.0
XO	72.0	2014.0
House Party	71.0	2014.0
Odio	71.0	2014.0
When I Was Your Man	82.0	2012.0
Locked Out of Heaven	78.0	2012.0
Treasure	76.0	2012.0
Feel So Close - Radio Edit	75.0	2012.0
Firework	73.0	2012.0
Good Feeling	73.0	2012.0
Radioactive	73.0	2012.0
We Are Young (feat. Janelle Monáe)	73.0	2012.0
Demons	72.0	2012.0
Good Time	72.0	2012.0
Can't Feel My Face	80.0	2015.0
Sugar	80.0	2015.0
Centuries	79.0	2015.0
Faded	77.0	2015.0
Tennessee Whiskey	77.0	2015.0
Unsteady	77.0	2015.0
Animals	75.0	2015.0
Jumpman	75.0	2015.0
Confident	74.0	2015.0
Bajo El Agua	73.0	2015.0
All of Me	85.0	2013.0
Wake Me Up	84.0	2013.0
Vivir Mi Vida	75.0	2013.0
The Monster	74.0	2013.0
Turn Down for What	72.0	2013.0
Pompeii	71.0	2013.0
Darte un Beso	70.0	2013.0
Donde Estan Las Gatas (feat. Nicky Jam)	68.0	2013.0
I Love It (feat. Charli XCX)	67.0	2013.0
Pam Pam	67.0	2013.0
A Thousand Years	79.0	2011.0
Someone Like You	79.0	2011.0
Love You Like A Love Song	75.0	2011.0
Fuiste Tú	74.0	2011.0
Stronger (What Doesn't Kill You)	73.0	2011.0
Country Girl (Shake It For Me)	72.0	2011.0
International Love	71.0	2011.0
¡Corre!	70.0	2011.0
Wanted	69.0	2011.0
Stereo Hearts (feat. Adam Levine)	68.5	2011.0
Hey, Soul Sister	82.0	2010.0
Love The Way You Lie	82.0	2010.0
Just the Way You Are	78.5	2010.0
DJ Got Us Fallin' In Love (feat. Pitbull)	78.0	2010.0
Waka Waka (This Time for Africa) [The Official 2010 FIFA World Cup (TM) Song]	77.0	2010.0
Baby	76.0	2010.0
Airplanes (feat. Hayley Williams)	75.0	2010.0
Grenade	75.0	2010.0
Danza Kuduro	73.75	2010.0
Marry You	72.0	2010.0
I'm Yours	82.0	2008.0
Don't Stop The Music	76.0	2008.0
Chicken Fried	75.0	2008.0
Free Fallin' - Live at the Nokia Theatre, Los Angeles, CA - December 2007	74.0	2008.0
Llamado de Emergencia	71.0	2008.0
Poker Face	69.0	2008.0
Single Ladies (Put a Ring on It)	69.0	2008.0
No Me Doy Por Vencido	68.0	2008.0
Just Dance	67.0	2008.0
Suavemente	67.0	2008.0
Yummy	95.0	2020.0
Life Is Good (feat. Drake)	93.0	2020.0
Rare	88.0	2020.0
Good News	87.0	2020.0
You should be sad	86.0	2020.0
Eleven	83.0	2020.0
Morado	82.0	2020.0
Muévelo	82.0	2020.0
La Playa - Remix	79.0	2020.0
Me Gusta	79.0	2020.0
Yo Quisiera	70.0	2007.0
La rebelion	68.0	2007.0
Vuela, Vuela (Voyage, Voyage)	67.0	2007.0
Hoja En Blanco	65.0	2007.0
Mientes Tan Bien	65.0	2007.0
5 Letras	64.0	2007.0
Imagine	63.0	2007.0
Qué Vida la Mía	63.0	2007.0
No Te Veo - Digital Single	61.0	2007.0
Soy Igual Que Tú	61.0	2007.0
Ciega, Sordomuda	68.0	1998.0
Inevitable	68.0	1998.0
Vuelve	68.0	1998.0
Bongo Bong	66.0	1998.0
Tú	66.0	1998.0
Lost	62.0	1998.0
Mentirosa	62.0	1998.0
Tiburon	58.0	1998.0
Te Mentiría	56.0	1998.0
Nuestra Cancion	49.0	1998.0
Lloraras	64.0	1996.0
Reach (NBC Olympic Version)	45.0	1996.0
Coco Jamboo - Radio Version	18.0	1996.0
Real Love (Spanish)	15.0	1996.0
I Can't Live Without You	10.0	1996.0
About Last Night	0.0	1996.0
Bring Me Back	0.0	1996.0
Open Up Your Heart	0.0	1996.0
Rock 'N' Roll All Nite - Live	0.0	1996.0
Share This Moment	0.0	1996.0
Mambo No. 5 (a Little Bit of...)	76.0	1999.0
Say My Name	76.0	1999.0
The Next Episode	73.0	1999.0
You Got Me	65.0	1999.0
Amante Bandido	55.0	1999.0
La Rosa De Los Vientos	54.0	1999.0
Vivir Sin Aire - Unplugged	53.0	1999.0
Llegó la Cripta	51.0	1999.0
Siempre Peligroso - feat. Fermin IV Caballero of Control Machete	50.0	1999.0
Yo Quiero Fumar (I Wanna Get High) - Spanish Edit	50.0	1999.0
Bad Romance	78.0	2009.0
Fireflies	78.0	2009.0
Down	76.0	2009.0
Secrets	76.0	2009.0
Colgando en tus manos (con Marta Sánchez)	74.0	2009.0
Yo No Sé Mañana	74.0	2009.0
Party In The U.S.A.	73.0	2009.0
Replay	73.0	2009.0
Rude Boy	72.0	2009.0
El Malo	71.0	2009.0
Insane in the Brain	70.0	1993.0
Suave	68.0	1993.0
Mirala Miralo	61.0	1993.0
Con los Años Que Me Quedan	60.0	1993.0
Macarena	58.0	1993.0
Mi Tierra	55.0	1993.0
Hoy - Spanish Version	51.0	1993.0
Mi Buen Amor	48.0	1993.0
Ayer	45.0	1993.0
Tus Ojos	40.0	1993.0
Gangsta's Paradise	80.0	1995.0
Estoy Aquí	64.0	1995.0
Donde Estas Corazon	62.0	1995.0
Pa' Mayté	60.0	1995.0
La Tierra del Olvido	58.0	1995.0
Piel Morena	58.0	1995.0
Cotton Eye Joe	57.0	1995.0
Abriendo Puertas	44.0	1995.0
Azúcar Amargo	43.0	1995.0
Tres Deseos (Three Wishes)	37.0	1995.0
Hacer El Amor Con Otro	66.0	1991.0
Rica y Apretadita (feat. Anayka)	60.0	1991.0
Spring Love	49.0	1991.0
I Wanna Be the One	46.0	1991.0
Dreamin' of Love	41.0	1991.0
Party Your Body	36.0	1991.0
Latin Lingo	35.0	1991.0
Coming Out of the Dark	33.0	1991.0
Tres Equis	31.0	1991.0
Together Forever	24.0	1991.0
Tu Cariñito	65.0	2000.0
Un Montón De Estrellas	61.0	2000.0
Arrasando	54.0	2000.0
Como Me Duele Perderte	53.0	2000.0
Inevitable - En Vivo	53.0	2000.0
Let The Music Play	53.0	2000.0
Perfidia	45.0	2000.0
Give Me Tonight	44.0	2000.0
No Me Dejes de Querer	36.0	2000.0
Por un Beso	31.0	2000.0
Turn the Beat Around	42.0	1994.0
It's Too Late	34.0	1994.0
Hold Me, Thrill Me, Kiss Me	33.0	1994.0
Then Came You	16.0	1994.0
Chase	0.0	1994.0
Crimes Of love	0.0	1994.0
Girl You Hear me Crying	0.0	1994.0
If Ever	0.0	1994.0
Just Like The Wind (94 Flava)	0.0	1994.0
Some Kind Of Love	0.0	1994.0
Otro Día Más Sin Verte	62.0	1992.0
Vivir Sin Aire	60.0	1992.0
Provócame	50.0	1992.0
Good Riddance (Time of Your Life)	75.0	1997.0
Corazón partío	74.0	1997.0
En El Muelle De San Blas	72.0	1997.0
Tiene Espinas El Rosal	69.0	1997.0
Carrying Your Love With Me	62.0	1997.0
Comprendes, Mendes?	60.0	1997.0
Tiburon	57.0	1997.0
El Taqui Taqui - Original Mix	54.0	1997.0
Guallando	53.0	1997.0
Soy Chingon	41.0	1997.0
Tabaco Y Chanel	68.0	2001.0
Amores extraños - Versión 2001	65.0	2001.0
El Duelo (feat. Ely Guerra)	65.0	2001.0
En La Cama (feat. Daddy Yankee)	65.0	2001.0
Me haces bien	65.0	2001.0
Macarena - Bayside Boys Remix	62.0	2001.0
La soledad - Versión 2001	60.0	2001.0
Me Liberé	59.0	2001.0
Carito	57.0	2001.0
Return of the Tres	51.0	2001.0
Life is a Highway	72.0	2006.0
Mis Ojos Lloran Por Ti	71.0	2006.0
Bendita Tu Luz	69.0	2006.0
Caraluna	69.0	2006.0
Ojitos Chiquitos	68.0	2006.0
Bandoleros	67.0	2006.0
Qué Precio Tiene el Cielo - Salsa Version	67.0	2006.0
Tu Recuerdo (feat. La Mari De Chambao & Tommy Torres) - MTV Unplugged Version	67.0	2006.0
Sensacion Del Bloque	66.0	2006.0
El Telefono	65.0	2006.0
Obsesion	73.0	2002.0
Es Por Tí	72.0	2002.0
Mi primer millon	69.0	2002.0
Fotografía	67.0	2002.0
Así Es la Vida	66.0	2002.0
Azul	65.0	2002.0
En el 2000	63.0	2002.0
Get Busy	61.0	2002.0
Baby Boy (feat. Beyoncé )	58.0	2002.0
De la Noche a la Mañana	54.0	2002.0
Hey Ya!	78.0	2003.0
Crazy In Love (feat. Jay-Z)	75.0	2003.0
Pa' Que Retozen	71.0	2003.0
Andar Conmigo	69.0	2003.0
Collide - Acoustic Version	69.0	2003.0
Dale Don Dale	67.0	2003.0
Lento	66.0	2003.0
Hay Algo en Ti	59.0	2003.0
Dembow	58.0	2003.0
Métele Sazón	58.0	2003.0
Hips Don't Lie (feat. Wyclef Jean)	80.0	2005.0
Better Together	75.0	2005.0
Ella Y Yo - Featuring Don Omar	74.0	2005.0
Atrévete-Te-Te	73.0	2005.0
Banana Pancakes	71.0	2005.0
La Botella	67.0	2005.0
La Boda	66.0	2005.0
Mírala Bien	64.0	2005.0
Rompe	64.0	2005.0
Ella Se Fue	60.0	2005.0
Abrázame Muy Fuerte	72.0	1990.0
Rayando El Sol	68.0	1990.0
Qué Hay de Malo	65.0	1990.0
Oiga, Mire, Vea	64.0	1990.0
Conga	60.0	1990.0
Tiempo De Vals	58.0	1990.0
Cada Dia Que Pasa	55.0	1990.0
Completamente Enamorados	54.0	1990.0
La Raza	51.0	1990.0
Eternamente Bella	48.0	1990.0
Yeah! (feat. Lil Jon & Ludacris)	79.0	2004.0
Lo Que Pasó, Pasó	73.0	2004.0
Since U Been Gone	72.0	2004.0
Tu Amor Me Hace Bien - Salsa Version	69.0	2004.0
Tu Príncipe	69.0	2004.0
Yo Voy (feat. Daddy Yankee)	66.0	2004.0
Turn Me On	65.0	2004.0
Amiga mía	64.0	2004.0
Breakaway	64.0	2004.0
Al Natural (feat. Yandel)	63.0	2004.0
La Incondicional	75.0	1988.0
Culpable O No - Miénteme Como Siempre	73.0	1988.0
Tell It to My Heart	65.0	1988.0
The Promise	63.0	1988.0
Fría Como El Viento	61.0	1988.0
It Takes Two	54.0	1988.0
Catch Me (I'm Falling)	46.0	1988.0
Silent Morning	43.0	1988.0
Dreamin'	42.0	1988.0
Say It's Gonna Rain	37.0	1988.0
1-2-3 - Single Version	37.0	1984.0
Everlasting Love	36.0	1984.0
P.Y.T. (Pretty Young Thing)	71.0	1982.0
Amarillo By Morning	66.0	1982.0
Ojos Chinos	55.0	1982.0
Danger	48.0	1982.0
We Are Family	71.0	1979.0
Brujeria	55.0	1979.0
Apache - 45 Version	42.0	1981.0
Dancing Queen	72.0	1976.0
Ahora Te Puedes Marchar	77.0	1987.0
Point of No Return	48.0	1987.0
Can't Stay Away from You	47.0	1987.0
Diamond Girl	45.0	1987.0
Come Go with Me	43.0	1987.0
Exposed To Love	30.0	1987.0
Sweet Caroline	20.0	1987.0
Rhythm Is Gonna Get You	1.0	1987.0
One Way Love	0.0	1987.0
Two of Hearts	54.0	1986.0
Point of No Return	38.0	1986.0
For Tonight	30.0	1986.0
Reincarnation	26.0	1986.0
Livin' On A Prayer	24.0	1986.0
Boogie Down Bronx	33.0	1983.0
Remember What You Like	19.0	1983.0
I Wonder If I Take You Home	51.0	1985.0
Words Get in the Way	45.0	1985.0
Head to Toe	44.0	1985.0
Anything for You	40.0	1985.0
I See Your Smile	34.0	1985.0
Can You Feel the Beat	0.0	1985.0
Love Shack	69.0	1989.0
Mujeres	68.0	1989.0
Don't Wanna Lose You	52.0	1989.0
Get on Your Feet	44.0	1989.0
Here We Are	43.0	1989.0
Mentirosa	42.0	1989.0
Cuts Both Ways	41.0	1989.0
Wake Up	41.0	1989.0
Oye Mi Canto - Single Version	38.0	1989.0
(You're My One And Only) True Love	30.0	1989.0
My Girl	26.0	1965.0
Blinding Lights	98.0	2019.0
Memories	98.0	2019.0
The Box	98.0	2019.0
Tusa	98.0	2019.0
Don't Start Now	97.0	2019.0
everything i wanted	97.0	2019.0
RITMO (Bad Boys For Life)	96.0	2019.0
bad guy	95.0	2019.0
HIGHEST IN THE ROOM	94.0	2019.0
My Oh My (feat. DaBaby)	94.0	2019.0
Falling	97.0	2018.0
Happier	89.0	2018.0
lovely (with Khalid)	89.0	2018.0
Shallow	88.0	2018.0
Without Me	88.0	2018.0
rockstar (feat. 21 Savage)	88.0	2018.0
Better Now	87.0	2018.0
SAD!	87.0	2018.0
SICKO MODE	87.0	2018.0
Sweet but Psycho	87.0	2018.0
Jocelyn Flores	86.0	2017.0
idontwannabeyouanymore	85.0	2017.0
ocean eyes	85.0	2017.0
HUMBLE.	84.0	2017.0
I Like Me Better	83.0	2017.0
New Rules	83.0	2017.0
Young Dumb & Broke	83.0	2017.0
Chanel	82.0	2017.0
IDGAF	82.0	2017.0
Location	82.0	2017.0
Closer (feat. Halsey)	85.0	2016.0
Say You Won't Let Go	85.0	2016.0
Congratulations	84.0	2016.0
Starboy	84.0	2016.0
Good as Hell	83.0	2016.0
That's What I Like	82.0	2016.0
Can I Be Him	78.0	2016.0
Nights	78.0	2016.0
Cheap Thrills	77.0	2016.0
Formation	77.0	2016.0
Jealous	79.0	2014.0
Say Something	78.0	2014.0
Wet Dreamz	78.0	2014.0
Not About Angels	75.0	2014.0
I Mean It (feat. Remo)	74.0	2014.0
7/11	71.0	2014.0
Partition	71.0	2014.0
Post to Be (feat. Chris Brown & Jhene Aiko)	70.0	2014.0
Apparently	69.0	2014.0
Shake It Off	68.0	2014.0
Feels Like We Only Go Backwards	75.0	2012.0
Thinkin Bout You	75.0	2012.0
You Said You'd Grow Old With Me	71.0	2012.0
The Morning	70.0	2012.0
Beneath Your Beautiful	69.0	2012.0
Read All About It, Pt. III	68.0	2012.0
Lost	67.33333333333333	2012.0
m.A.A.d city	67.0	2012.0
Money Trees	66.0	2012.0
Forrest Gump	65.0	2012.0
Love Yourself	83.0	2015.0
Don't	80.0	2015.0
Exchange	79.0	2015.0
Wait a Minute!	78.0	2015.0
Sunset Lover	77.0	2015.0
Tennessee Whiskey	77.0	2015.0
Weekend (feat. Miguel)	77.0	2015.0
Lay Me Down	76.0	2015.0
Lost Boy	76.0	2015.0
Often	76.0	2015.0
All of Me	85.0	2013.0
Royals	78.0	2013.0
Blurred Lines	76.0	2013.0
Summertime Sadness (Lana Del Rey Vs. Cedric Gervais) - Cedric Gervais Remix	73.0	2013.0
So Good At Being in Trouble	68.0	2013.0
Chum	67.0	2013.0
It Won't Stop (feat. Chris Brown)	66.0	2013.0
You're Not Good Enough	63.0	2013.0
Hannah Hunt	62.0	2013.0
The Mother We Share	61.0	2013.0
Marvins Room	74.0	2011.0
Midnight City	71.0	2011.0
Novacane	71.0	2011.0
Take Care	71.0	2011.0
Holocene	70.0	2011.0
Turning Tables	66.0	2011.0
Swim Good	65.0	2011.0
She (Featuring Frank Ocean)	64.0	2011.0
I Follow Rivers	62.0	2011.0
Wildfire	62.0	2011.0
Just the Way You Are	80.0	2010.0
All Of The Lights	75.0	2010.0
My Chick Bad	65.0	2010.0
Sprawl II (Mountains Beyond Mountains)	63.0	2010.0
All I Want Is You (feat. J. Cole)	62.0	2010.0
Dancing On My Own	61.0	2010.0
Man Down	59.0	2010.0
Mi Mujer	59.0	2010.0
Round And Round	57.0	2010.0
Helicopter	56.0	2010.0
Halo	77.0	2008.0
Live Your Life (feat. Rihanna)	74.0	2008.0
A Milli	73.0	2008.0
Broken Strings	70.0	2008.0
If I Were a Boy	68.0	2008.0
It Was A Good Day	60.0	2008.0
I Wanna Know	58.0	2008.0
sobeautiful	58.0	2008.0
Green Light (feat. André 3000)	57.0	2008.0
Melt My Heart to Stone	57.0	2008.0
Yummy	95.0	2020.0
Life Is Good (feat. Drake)	93.0	2020.0
Good News	87.0	2020.0
You should be sad	86.0	2020.0
Lose You To Love Me	85.0	2020.0
Eleven	83.0	2020.0
Morado	82.0	2020.0
Muévelo	82.0	2020.0
Rare	80.5	2020.0
Vulnerable	80.0	2020.0
Bubbly	71.0	2007.0
How Do I Breathe	69.0	2007.0
Bed	67.0	2007.0
Valerie - Live At BBC Radio 1 Live Lounge, London / 2007	65.0	2007.0
Can't Help but Wait	62.0	2007.0
Same Girl (with Usher)	60.0	2007.0
Lesson Learned (feat. John Mayer)	57.0	2007.0
Never Would Have Made It	55.0	2007.0
Bartender (feat. Akon)	54.0	2007.0
Circle	51.0	2007.0
My Love Is Your Love	67.0	1998.0
The Boy Is Mine	66.0	1998.0
So Into You	64.0	1998.0
Love Like This	63.0	1998.0
Have You Ever	60.0	1998.0
SpottieOttieDopaliscious	60.0	1998.0
Sweet Lady	59.0	1998.0
It's All About Me	58.0	1998.0
Beauty	57.0	1998.0
Anywhere	53.0	1998.0
No Diggity	76.0	1996.0
Killing Me Softly With His Song	74.0	1996.0
Return of the Mack	72.0	1996.0
How Do You Want It	66.0	1996.0
Ascension (Don't Ever Wonder)	65.0	1996.0
Twisted	63.0	1996.0
2 Of Amerikaz Most Wanted	62.0	1996.0
Nobody (feat. Athena Cage)	62.0	1996.0
Can't You See (feat. The Notorious B.I.G.)	61.0	1996.0
Every Time I Close My Eyes (with Mariah Carey, Kenny G & Sheila E.)	61.0	1996.0
No Scrubs	79.0	1999.0
Say My Name	73.0	1999.0
Pony	72.0	1999.0
Back At One	71.0	1999.0
Forgot About Dre	71.0	1999.0
I Try	71.0	1999.0
Jumpin', Jumpin'	70.0	1999.0
Maria Maria (feat. The Product G&B) - Radio Mix	66.0	1999.0
"U Know What's Up (feat. Lisa ""Left Eye"" Lopes)"	60.0	1999.0
I Don't Wanna	59.0	1999.0
Obsessed	67.0	2009.0
Knock You Down	65.0	2009.0
Whole Wide World	63.0	2009.0
Chasing Pirates	59.0	2009.0
Pretty Wings - uncut	58.0	2009.0
I Saw Mommy Kissing Santa Claus	57.0	2009.0
Never Forget You	56.0	2009.0
After the Storm	54.0	2009.0
Just Ain't Gonna Work Out	51.0	2009.0
Honey Dove	50.0	2009.0
C.R.E.A.M.	72.0	1993.0
Gin And Juice (feat. Dat Nigga Daz)	72.0	1993.0
Who Am I (What's My Name)?	70.0	1993.0
Protect Ya Neck	66.0	1993.0
Proud Mary	66.0	1993.0
Wu-Tang Clan Aint Nuthing ta F' Wit	66.0	1993.0
That's The Way Love Goes	65.0	1993.0
If You Love Me	62.0	1993.0
Method Man	60.0	1993.0
Knockin' da Boots	59.0	1993.0
Always Be My Baby	73.0	1995.0
Fantasy	71.0	1995.0
One Sweet Day	68.0	1995.0
Tell Me	63.0	1995.0
Never Knew Love Like This Before	62.0	1995.0
Candy Rain	59.0	1995.0
Bucktown	58.0	1995.0
You Used to Love Me	58.0	1995.0
Soon as I Get Home	57.0	1995.0
Freak Like Me	56.0	1995.0
Remember the Time	69.0	1991.0
Black or White	66.0	1991.0
Emotions	63.0	1991.0
I Love Your Smile	59.0	1991.0
I Wanna Sex You Up - Single Mix	58.0	1991.0
Breakin' My Heart (Pretty Brown Eyes)	57.0	1991.0
Good Vibrations	57.0	1991.0
Motownphilly	57.0	1991.0
Dangerous	56.0	1991.0
Try Me	56.0	1991.0
Ms. Jackson	77.0	2000.0
He Wasn't Man Enough	65.0	2000.0
I Wanna Know	64.0	2000.0
Didn't Cha Know	62.0	2000.0
Shackles (Praise You)	60.0	2000.0
A Long Walk	54.0	2000.0
Love	54.0	2000.0
Case Of The Ex (Whatcha Gonna Do)	53.0	2000.0
Girls Dem Sugar	53.0	2000.0
Send It On	53.0	2000.0
All I Want for Christmas Is You	90.0	1994.0
Waterfalls	71.0	1994.0
Creep	66.0	1994.0
I Swear	66.0	1994.0
Smooth Operator - Single Version	66.0	1994.0
I'll Make Love To You	63.0	1994.0
I Wanna Be Down	60.0	1994.0
The World Is Yours	60.0	1994.0
Groove Me	59.0	1994.0
Before I Let You Go	57.0	1994.0
It Was A Good Day	74.0	1992.0
I Have Nothing	73.0	1992.0
Jump	66.0	1992.0
Weak	66.0	1992.0
I'm So Into You	62.0	1992.0
Don't Walk Away	61.0	1992.0
They Reminisce Over You (T.R.O.Y.)	60.0	1992.0
Right Here - Human Nature Radio Mix	59.0	1992.0
Freak Me	58.0	1992.0
What About Your Friends	58.0	1992.0
Mo Money Mo Problems (feat. Puff Daddy & Mase) - 2014 Remaster	72.0	1997.0
All My Life	70.0	1997.0
Gettin' Jiggy Wit It	70.0	1997.0
Chan Chan	67.0	1997.0
Together Again	67.0	1997.0
You Make Me Wanna...	67.0	1997.0
Too Close	64.0	1997.0
Got 'Til It's Gone	63.0	1997.0
Nice & Slow	63.0	1997.0
Triumph (feat. Cappadonna)	63.0	1997.0
U Remind Me	73.0	2001.0
What's Luv? (feat. Ja-Rule & Ashanti)	72.0	2001.0
Let Me Blow Ya Mind	71.0	2001.0
Family Affair	70.0	2001.0
Get Ur Freak On	70.0	2001.0
U Got It Bad	70.0	2001.0
Where the Party At (feat. Nelly)	67.0	2001.0
Can We Talk	66.0	2001.0
Peaches and Cream	66.0	2001.0
7 Days	62.5	2001.0
Put Your Records On	75.0	2006.0
Gravity	74.0	2006.0
Waiting On the World to Change	74.0	2006.0
Rehab	73.0	2006.0
Me & U	72.0	2006.0
I Wanna Love You	70.0	2006.0
When I See U	68.0	2006.0
Shortie Like Mine	67.0	2006.0
Ice Box	63.0	2006.0
Like A Star	63.0	2006.0
Foolish	71.0	2002.0
Hot In Herre	71.0	2002.0
Work It	70.0	2002.0
Jenny from the Block (feat. Jadakiss & Styles P.) - Track Masters Remix	65.0	2002.0
Oh Boy	65.0	2002.0
Don't Mess With My Man (feat. Brian Casey & Brandon Casey)	64.0	2002.0
Mesmerize	62.5	2002.0
Happy	62.0	2002.0
Just a Friend 2002 - Radio Edit	62.0	2002.0
Get Busy	61.0	2002.0
If I Ain't Got You	78.0	2003.0
P.I.M.P.	74.0	2003.0
In Da Club	71.0	2003.0
Ignition - Remix	70.0	2003.0
21 Questions	69.0	2003.0
Daughters	68.0	2003.0
Right Thurr	67.0	2003.0
So Gone	67.0	2003.0
The Blower's Daughter	67.0	2003.0
Me, Myself and I	66.0	2003.0
Feeling Good	70.0	2005.0
Love	68.0	2005.0
I'm Sprung	67.0	2005.0
"Slow Down - 12"" Version"	67.0	2005.0
Don't Cha	66.0	2005.0
Grind with Me	66.0	2005.0
I Need a Girl (Pt. One) (feat. Usher & Loon)	64.0	2005.0
Come and Talk to Me - Remix	60.0	2005.0
1 Thing	59.0	2005.0
Peaches & Cream (feat. P. Diddy)	57.0	2005.0
This Christmas	75.0	1990.0
U Can't Touch This	71.0	1990.0
Poison	66.0	1990.0
Step by Step	61.0	1990.0
Feels Good	58.0	1990.0
Hold On	58.0	1990.0
It Takes Two	56.0	1990.0
Let's Chill	55.0	1990.0
She's Playing Hard To Get	55.0	1990.0
I Like The Way	54.0	1990.0
My Boo	77.0	2004.0
One, Two Step	74.0	2004.0
Let Me Love You	72.66666666666667	2004.0
I'll Be Missing You (feat. 112)	71.0	2004.0
Hollaback Girl	69.0	2004.0
Confessions Part II - Confessions Special Edition Version	67.0	2004.0
Drop It Like It's Hot	67.0	2004.0
I Need a Girl, Pt. 2 (feat. Loon, Ginuwine & Mario Winans)	67.0	2004.0
Burn - Confession Special Edition Version	66.0	2004.0
Bump, Bump, Bump	65.0	2004.0
Can You Stand The Rain	61.0	1988.0
Straight Up	59.0	1988.0
If It Isn't Love	57.0	1988.0
Love Is Stronger Than Pride	56.0	1988.0
Superwoman	54.0	1988.0
You Got It (The Right Stuff)	54.0	1988.0
Cold Hearted	53.0	1988.0
Every Little Step	53.0	1988.0
Piece Of My Love	52.0	1988.0
Nite and Day	51.0	1988.0
When Doves Cry	70.0	1984.0
Let's Go Crazy	61.0	1984.0
Your Love Is King	61.0	1984.0
I Would Die 4 U	60.0	1984.0
Corona	53.0	1984.0
Take Me with U	49.0	1984.0
River's Island	40.0	1984.0
Riverside Hotel	32.0	1984.0
Little Piece of My Heart	29.0	1984.0
君のハートはマリンブルー	26.0	1984.0
1999	68.0	1982.0
On The Wings Of Love	57.0	1982.0
You Dropped A Bomb On Me	56.0	1982.0
Atomic Dog	51.0	1982.0
Delirious	49.0	1982.0
Jungle Boogie	63.0	1973.0
Hollywood Swinging	54.0	1973.0
What Is Hip?	52.0	1973.0
Keep Your Head to the Sky	46.0	1973.0
Higher Ground	4.0	1973.0
Don't Bring Me Down	70.0	1979.0
Just Got Paid - Single Version	48.0	1979.0
I Thought It Was You (with Herbie Hancock)	37.0	1979.0
Santa Claus Is Coming to Town	25.0	1979.0
Butterfly (with Herbie Hancock)	20.0	1979.0
Brick House	64.0	1977.0
Lust For Life	37.0	1977.0
Flash Light	12.0	1977.0
Tom Sawyer	73.0	1981.0
Give It To Me Baby	64.0	1981.0
SHADOW CITY	32.0	1981.0
Jolene	74.0	1974.0
Quimbara	60.0	1974.0
Ain't No Love In The Heart Of The City - Single Version	58.0	1974.0
Just Kissed My Baby	56.0	1974.0
Pick Up the Pieces	53.0	1974.0
I Can't Stand The Rain	41.0	1974.0
Standing on the Verge of Getting It On	38.0	1974.0
Nothing From Nothing	2.0	1974.0
Fire	1.0	1974.0
Tell Me Something Good	0.0	1974.0
Big Yellow Taxi	69.0	1970.0
Moondance - 2013 Remaster	69.0	1970.0
Rock & Roll - 2015 Remastered Full Length Version	61.0	1970.0
Didn't I (Blow Your Mind This Time)	59.0	1970.0
Express Yourself	59.0	1970.0
Thank You (Falettinme Be Mice Elf Agin) - single master	54.0	1970.0
Them Changes	0.0	1970.0
More Than a Feeling	78.0	1976.0
American Girl	73.0	1976.0
Play That Funky Music	67.0	1976.0
Sunny	64.0	1976.0
Misty Blue	51.0	1976.0
Car Wash	50.0	1976.0
Get The Funk Out Ma Face	49.0	1976.0
The Rubberband Man	47.0	1976.0
Muskrat Love	0.0	1976.0
I Wanna Dance with Somebody (Who Loves Me)	80.0	1987.0
Didn't We Almost Have It All	63.0	1987.0
Always	59.0	1987.0
Sign 'O' the Times	54.0	1987.0
Criticize	53.0	1987.0
Make It Last Forever (with Jacci McGhee)	53.0	1987.0
Rock Steady	53.0	1987.0
The Way You Make Me Feel - 2012 Remaster	51.0	1987.0
Right and a Wrong Way	49.0	1987.0
Two Occasions	49.0	1987.0
Blame It on the Boogie	69.0	1978.0
Grease - 2007 Remaster	63.0	1978.0
Y.M.C.A.	61.0	1978.0
Shake Your Body (Down to the Ground)	50.0	1978.0
Shake Your Groove Thing	10.0	1978.0
Son Of A Preacher Man	71.0	1969.0
California Soul	62.0	1969.0
It's Your Thing	59.0	1969.0
Cissy Strut	57.0	1969.0
Run Rudolph Run - Single Version	79.0	1986.0
Sweet Love	61.0	1986.0
On My Own	51.0	1986.0
As We Lay	45.0	1986.0
君は1000%	45.0	1986.0
What Have You Done For Me Lately	44.0	1986.0
Someone	42.0	1986.0
Come Share My Love	40.0	1986.0
I'm for Real	39.0	1986.0
Facts of Love	33.0	1986.0
You Make My Dreams	77.0	1980.0
I'm Coming Out	66.0	1980.0
Upside Down	65.0	1980.0
Take Your Time (Do It Right)	58.0	1980.0
Never Alone	0.0	1980.0
Let's Dance - 2002 Remaster	65.0	1983.0
Summer Suspicion	40.0	1983.0
Midnight Pretenders	39.0	1983.0
I'm in Love	38.0	1983.0
Midnight Down Town	37.0	1983.0
ひと夏のタペストリー	30.0	1983.0
Body to Body	23.0	1983.0
How Will I Know	69.0	1985.0
Rhythm Of The Night	64.0	1985.0
Saving All My Love for You	63.0	1985.0
You Are My Lady	53.0	1985.0
Tender Love	52.0	1985.0
Oh Sheila	51.0	1985.0
You Give Good Love	50.0	1985.0
Dear Breeze	45.0	1985.0
Jezebel	39.0	1985.0
Futari No Natsu Monogatari Never Ending Summer	35.0	1985.0
Back To Life	59.0	1989.0
All I Do Is Think of You	55.0	1989.0
Ready Or Not	53.0	1989.0
Escapade	52.0	1989.0
Rhythm Nation	50.0	1989.0
Something in My Heart	50.0	1989.0
Don't Wanna Fall in Love	49.0	1989.0
Whip Appeal - 12-inch Version	47.0	1989.0
On Our Own	46.0	1989.0
Miss You Much	45.5	1989.0
December, 1963 (Oh What a Night!)	70.0	1975.0
Give Up The Funk (Tear The Roof Off The Sucker)	61.0	1975.0
Shining Star	61.0	1975.0
Fooled Around And Fell In Love	60.0	1975.0
Low Rider	59.0	1975.0
I Got The... - 2006 Remaster	53.0	1975.0
At Seventeen	5.0	1975.0
Love Rollercoaster	4.0	1975.0
Build Me Up Buttercup	72.0	1968.0
Back Door Santa	48.0	1968.0
Ain't No Sunshine	76.0	1971.0
Hard Times	50.0	1971.0
Without You - Remastered	13.0	1971.0
Tumbling Dice	60.0	1972.0
Clean up Woman	58.0	1972.0
Pusherman	55.0	1972.0
Superfly	54.0	1972.0
Metal Guru	36.0	1972.0
(Your Love Keeps Lifting Me) Higher & Higher	67.0	1967.0
Can't Take My Eyes off You	65.0	1967.0
Someday At Christmas	59.0	1967.0
I Never Loved a Man (The Way I Love You)	54.0	1967.0
Don't Make the Good Girls Go Bad	24.0	1967.0
When a Man Loves a Woman	66.0	1966.0
Land of 1000 Dances	61.0	1966.0
You Can't Hurry Love	13.0	1966.0
Like a Rolling Stone	71.0	1965.0
Que Bueno Baila Usted	40.0	1965.0
People Get Ready	11.0	1965.0
Winter Wonderland	45.0	1964.0
Christmas (Baby Please Come Home)	73.0	1963.0
Green Onions	64.0	1962.0
Mess Around	59.0	1957.0
Paloma Negra	47.0	1961.0
At Last - Single Version	20.0	1960.0
(What A) Wonderful World - Remastered	13.0	1960.0
Jingle Bells	11.0	1960.0
Blinding Lights	98.0	2019.0
Memories	98.0	2019.0
The Box	98.0	2019.0
Tusa	98.0	2019.0
Don't Start Now	97.0	2019.0
everything i wanted	97.0	2019.0
RITMO (Bad Boys For Life)	96.0	2019.0
bad guy	95.0	2019.0
HIGHEST IN THE ROOM	94.0	2019.0
My Oh My (feat. DaBaby)	94.0	2019.0
Lucid Dreams	92.0	2018.0
Calma - Remix	86.0	2018.0
God's Plan	86.0	2018.0
One Kiss (with Dua Lipa)	85.0	2018.0
In My Mind	84.0	2018.0
The Middle	84.0	2018.0
2002	83.0	2018.0
Baila Conmigo (feat. Kelly Ruiz)	83.0	2018.0
Happy Now	80.5	2018.0
Solo (feat. Demi Lovato)	80.0	2018.0
Shape of You	86.0	2017.0
I Like Me Better	83.0	2017.0
Treat You Better	83.0	2017.0
There's Nothing Holdin' Me Back	82.0	2017.0
Wolves	82.0	2017.0
Scared to Be Lonely	81.0	2017.0
Symphony (feat. Zara Larsson)	78.0	2017.0
Friends (with BloodPop®)	76.0	2017.0
Most Girls	76.0	2017.0
Shout Out to My Ex	76.0	2017.0
Closer (feat. Halsey)	85.0	2016.0
Say You Won't Let Go	85.0	2016.0
That's What I Like	82.0	2016.0
Don't Let Me Down	81.0	2016.0
Heathens	81.0	2016.0
Let Me Love You	81.0	2016.0
i hate u, i love u (feat. olivia o'brien)	81.0	2016.0
In the Name of Love	80.0	2016.0
7 Years	79.0	2016.0
Into You	79.0	2016.0
Dancin (feat. Luvli) - Krono Remix	84.0	2014.0
Photograph	84.0	2014.0
Thinking out Loud	83.0	2014.0
Chandelier	79.0	2014.0
Little Do You Know	79.0	2014.0
Blank Space	78.0	2014.0
Rude	78.0	2014.0
Budapest	76.0	2014.0
Take Me to Church	76.0	2014.0
Blame	75.0	2014.0
Can't Hold Us - feat. Ray Dalton	83.0	2012.0
When I Was Your Man	82.0	2012.0
Radioactive	78.0	2012.0
Don't You Worry Child - Radio Edit	77.0	2012.0
Call Me Maybe	76.0	2012.0
Timber (feat. Ke$ha)	76.0	2012.0
Whistle	76.0	2012.0
Wild Ones (feat. Sia)	76.0	2012.0
Girl On Fire	75.0	2012.0
Payphone	75.0	2012.0
Love Yourself	83.0	2015.0
Stressed Out	83.0	2015.0
Ride	81.0	2015.0
Sorry	81.0	2015.0
What Do You Mean?	78.0	2015.0
Secret Love Song (feat. Jason Derulo)	77.0	2015.0
Cheerleader - Felix Jaehn Remix Radio Edit	76.0	2015.0
Maps	76.0	2015.0
My House	76.0	2015.0
Please Don't Go	76.0	2015.0
All of Me	85.0	2013.0
Counting Stars	80.0	2013.0
Dark Horse	77.0	2013.0
Mirrors	77.0	2013.0
Roar	77.0	2013.0
Safe And Sound	77.0	2013.0
Wrecking Ball	76.0	2013.0
Black Skinhead	75.0	2013.0
Turn Down for What	72.0	2013.0
Unconditionally	72.0	2013.0
Give Me Everything	79.0	2011.0
Somebody That I Used To Know	77.0	2011.0
Blue (Da Ba Dee) - Gabry Ponte Ice Pop Radio	73.0	2011.0
Stronger (What Doesn't Kill You)	73.0	2011.0
We Found Love	73.0	2011.0
I Follow Rivers - The Magician Remix	72.0	2011.0
Save The World	67.0	2011.0
Skyscraper	66.0	2011.0
Titanium (feat. Sia)	66.0	2011.0
Ima Boss (feat. Rick Ross)	65.0	2011.0
Love The Way You Lie	82.0	2010.0
Dynamite	77.0	2010.0
Raise Your Glass	76.0	2010.0
Grenade	75.0	2010.0
Need You Now	73.0	2010.0
OMG (feat. will.i.am)	72.0	2010.0
S&M	72.0	2010.0
Break Your Heart	71.0	2010.0
Airplanes (feat. Hayley Williams)	68.0	2010.0
Fuck You	64.0	2010.0
Don't Stop The Music	76.0	2008.0
Pjanoo - Radio Edit	65.0	2008.0
Jolie Coquine	51.0	2008.0
Man With The Red Face - Radio Edit	51.0	2008.0
Umbrella	47.0	2008.0
Don't Give Up	44.0	2008.0
Poker Face	42.0	2008.0
No Superstar - Radio Mix	41.0	2008.0
I Kissed A Girl	37.0	2008.0
"Hit the Floor ""Power"" (feat. Dollar Man)"	31.0	2008.0
Yummy	95.0	2020.0
Life Is Good (feat. Drake)	93.0	2020.0
Rare	88.0	2020.0
Good News	87.0	2020.0
You should be sad	86.0	2020.0
Lose You To Love Me	85.0	2020.0
Eleven	83.0	2020.0
Dance Again	79.0	2020.0
Me Gusta	79.0	2020.0
In Your Eyes (feat. Alida)	74.0	2020.0
No One	79.0	2007.0
Bleeding Love	77.0	2007.0
Better in Time	70.0	2007.0
"I Stand Alone - From ""The Scorpion King"" Soundtrack"	52.0	2007.0
Everytime We Touch (with Steve Angello & Sebastian Ingrosso)	47.0	2007.0
Scratch Marchin'	39.0	2007.0
Tomorrow Can Wait	26.0	2007.0
Morseton 2.0 (Elektro Pop Cut)	21.0	2007.0
Wild Obsession (Klaas Remix)	18.0	2007.0
Love Is Gone - Original Extended	12.0	2007.0
Can't Get Enough! - Vocal Club Mix	52.0	1998.0
Mama Said Knock You Out	42.0	1996.0
Sandstorm - Radio Edit	57.0	1999.0
Get A Move On!	47.5	1999.0
When Love Takes Over (feat. Kelly Rowland)	64.0	2009.0
Upside Down	58.0	2009.0
Hit That Jive	55.0	2009.0
Bad Romance	52.0	2009.0
Cinnamon Girl - Radio Edit	47.0	2009.0
You And I - Deadmau5 Remix	47.0	2009.0
Listen	44.0	2009.0
Boom Boom Guetta - David Guetta's Electro Hop Remix	41.0	2009.0
Snake Charmer	41.0	2009.0
Downpipe - Original Club Mix	35.0	2009.0
Janice	31.0	1993.0
Rhythm & Drums - The Hitmen Rework Edit	33.0	1995.0
Bailar la Soca	15.0	1991.0
Bye Bye Bye	71.0	2000.0
(Rock) Superstar	60.0	2000.0
Don’t You Want My Love	48.0	2000.0
Flute	46.0	2000.0
Hold Tight	33.0	1994.0
One More Time	74.0	2001.0
Superstylin'	61.0	2001.0
Flawless - Radio Edit	0.0	2001.0
So Sick	77.0	2006.0
Lola's Theme	54.0	2006.0
The Cure & The Cause - Dennis Ferrer Remix	49.0	2006.0
Kylie	40.0	2006.0
Walking Away - Toscadisco Remix	39.0	2006.0
Changes - Dirty South Remix	33.0	2006.0
Children Of The Last Generation	12.0	2006.0
Muscle Car - Sander Kleinenberg's Pace Car Mix - Radio Edit	7.0	2006.0
Get Twisted (Original Mix)	5.0	2006.0
"Gonna Fly Now (Theme From ""Rocky"") - 2006 - Remaster"	4.0	2006.0
'Till I Collapse	83.0	2002.0
Doo uap, doo uap, doo uap - Radio edit	48.0	2002.0
Dark Beat - Original Murk Mix Radio Edit	34.0	2002.0
Time 2 Wonder - Radio Edit	25.0	2002.0
Faint	69.0	2003.0
Aerodynamic - Daft Punk Remix	52.0	2003.0
Slammin' (Axwell Remix)	31.0	2003.0
Just For One Day (Heroes) (Extended Version)	0.0	2003.0
Madan - Exotic Disco Mix	0.0	2003.0
Can't Stop Playing (Makes Me High) [feat. Ane Brun] - Oliver Heldens & Gregor Salto Vocal Mix Edit	57.0	2005.0
Remember the Name (feat. Styles of Beyond)	51.0	2005.0
Watch The Sunrise - Radio Edit	39.0	2005.0
Don't Cha	38.0	2005.0
Feel The Vibe	36.0	2005.0
You Wanna (Klaas Remix)	5.0	2005.0
Fight For Your Right (Player & Remady Remix)	1.0	2005.0
Rock Down To (Electric Avenue) (Radio Version)	0.0	2005.0
I'm Only Shooting Love	35.0	1990.0
Let's Go (feat. Big D & Twista)	65.0	2004.0
Remember (Original Mix)	52.0	2004.0
Stay	24.0	2004.0
Keep the Fire Burning - Remastered Version	56.0	1982.0
Changes	31.0	1982.0
Dancer	50.0	1979.0
"I Feel Love - 12"" Version"	5.0	1979.0
Over And Over	0.0	1977.0
Never Too Much	69.0	1981.0
It Looks Like Love	41.0	1978.0
Dance Freak	29.0	1980.0
Get It Right	2.0	1983.0
